-- DOTORE DB dump
CREATE DATABASE  IF NOT EXISTS `dotore` /*!40100 DEFAULT CHARACTER SET utf8mb4 COLLATE utf8mb4_0900_ai_ci */ /*!80016 DEFAULT ENCRYPTION='N' */;
USE `dotore`;
-- MySQL dump 10.13  Distrib 8.0.26, for Win64 (x86_64)
--
-- Host: j6a407.p.ssafy.io    Database: dotore
-- ------------------------------------------------------
-- Server version	8.0.26

/*!40101 SET @OLD_CHARACTER_SET_CLIENT=@@CHARACTER_SET_CLIENT */;
/*!40101 SET @OLD_CHARACTER_SET_RESULTS=@@CHARACTER_SET_RESULTS */;
/*!40101 SET @OLD_COLLATION_CONNECTION=@@COLLATION_CONNECTION */;
/*!50503 SET NAMES utf8 */;
/*!40103 SET @OLD_TIME_ZONE=@@TIME_ZONE */;
/*!40103 SET TIME_ZONE='+00:00' */;
/*!40014 SET @OLD_UNIQUE_CHECKS=@@UNIQUE_CHECKS, UNIQUE_CHECKS=0 */;
/*!40014 SET @OLD_FOREIGN_KEY_CHECKS=@@FOREIGN_KEY_CHECKS, FOREIGN_KEY_CHECKS=0 */;
/*!40101 SET @OLD_SQL_MODE=@@SQL_MODE, SQL_MODE='NO_AUTO_VALUE_ON_ZERO' */;
/*!40111 SET @OLD_SQL_NOTES=@@SQL_NOTES, SQL_NOTES=0 */;

--
-- Table structure for table `answer`
--

DROP TABLE IF EXISTS `answer`;
/*!40101 SET @saved_cs_client     = @@character_set_client */;
/*!50503 SET character_set_client = utf8mb4 */;
CREATE TABLE `answer` (
  `answerno` int NOT NULL AUTO_INCREMENT,
  `writer` varchar(66) NOT NULL,
  `description` text NOT NULL,
  `created_at` datetime NOT NULL,
  `articleno` int NOT NULL,
  PRIMARY KEY (`answerno`),
  KEY `fk_answer_feedback1_idx` (`articleno`),
  CONSTRAINT `fk_answer_feedback1` FOREIGN KEY (`articleno`) REFERENCES `feedback` (`articleno`)
) ENGINE=InnoDB AUTO_INCREMENT=21 DEFAULT CHARSET=utf8mb4 COLLATE=utf8mb4_0900_ai_ci;
/*!40101 SET character_set_client = @saved_cs_client */;

--
-- Dumping data for table `answer`
--

LOCK TABLES `answer` WRITE;
/*!40000 ALTER TABLE `answer` DISABLE KEYS */;
INSERT INTO `answer` VALUES (18,'0x0Cb5e79fbC1a4560Aa1639C087a7303c170311AD','{\"blocks\":[{\"key\":\"d3dve\",\"text\":\"엄청 용감해보여요!\",\"type\":\"unstyled\",\"depth\":0,\"inlineStyleRanges\":[],\"entityRanges\":[],\"data\":{}}],\"entityMap\":{}}','2022-04-07 04:18:35',6),(19,'0x0Cb5e79fbC1a4560Aa1639C087a7303c170311AD','{\"blocks\":[{\"key\":\"7vfmj\",\"text\":\"\",\"type\":\"header-two\",\"depth\":0,\"inlineStyleRanges\":[],\"entityRanges\":[],\"data\":{}},{\"key\":\"6geu7\",\"text\":\" \",\"type\":\"atomic\",\"depth\":0,\"inlineStyleRanges\":[],\"entityRanges\":[{\"offset\":0,\"length\":1,\"key\":0}],\"data\":{}},{\"key\":\"6kcge\",\"text\":\"\",\"type\":\"unstyled\",\"depth\":0,\"inlineStyleRanges\":[],\"entityRanges\":[],\"data\":{}},{\"key\":\"bua46\",\"text\":\"그림판으로 그렸습니다!\",\"type\":\"header-two\",\"depth\":0,\"inlineStyleRanges\":[{\"offset\":0,\"length\":12,\"style\":\"BOLD\"}],\"entityRanges\":[],\"data\":{}}],\"entityMap\":{\"0\":{\"type\":\"image\",\"mutability\":\"IMMUTABLE\",\"data\":{\"src\":\"data:image/png;base64,/9j/4AAQSkZJRgABAQEAYABgAAD/4QAiRXhpZgAATU0AKgAAAAgAAQESAAMAAAABAAEAAAAAAAD/2wBDAAIBAQIBAQICAgICAgICAwUDAwMDAwYEBAMFBwYHBwcGBwcICQsJCAgKCAcHCg0KCgsMDAwMBwkODw0MDgsMDAz/2wBDAQICAgMDAwYDAwYMCAcIDAwMDAwMDAwMDAwMDAwMDAwMDAwMDAwMDAwMDAwMDAwMDAwMDAwMDAwMDAwMDAwMDAz/wAARCAD0AVADASIAAhEBAxEB/8QAHwAAAQUBAQEBAQEAAAAAAAAAAAECAwQFBgcICQoL/8QAtRAAAgEDAwIEAwUFBAQAAAF9AQIDAAQRBRIhMUEGE1FhByJxFDKBkaEII0KxwRVS0fAkM2JyggkKFhcYGRolJicoKSo0NTY3ODk6Q0RFRkdISUpTVFVWV1hZWmNkZWZnaGlqc3R1dnd4eXqDhIWGh4iJipKTlJWWl5iZmqKjpKWmp6ipqrKztLW2t7i5usLDxMXGx8jJytLT1NXW19jZ2uHi4+Tl5ufo6erx8vP09fb3+Pn6/8QAHwEAAwEBAQEBAQEBAQAAAAAAAAECAwQFBgcICQoL/8QAtREAAgECBAQDBAcFBAQAAQJ3AAECAxEEBSExBhJBUQdhcRMiMoEIFEKRobHBCSMzUvAVYnLRChYkNOEl8RcYGRomJygpKjU2Nzg5OkNERUZHSElKU1RVVldYWVpjZGVmZ2hpanN0dXZ3eHl6goOEhYaHiImKkpOUlZaXmJmaoqOkpaanqKmqsrO0tba3uLm6wsPExcbHyMnK0tPU1dbX2Nna4uPk5ebn6Onq8vP09fb3+Pn6/9oADAMBAAIRAxEAPwCrJKyL8tWLb54vm61VNxuAqxC/7v8AGv1haHGWo12x1NDdbe9V0kGyo5Gx3ojruDNJpg6/eohOTWdHIxWpraRi9TKyI0NFmwv41agbMdZssrACprW4YD8ayUrmHMXXDAjFWbWdnG1qqtJladbn97VK7C5qWsgtL+Jm/vCu68cXMl14RhW3++wHTvxXmt3K0ki4/hIxXR2PidhZxxuxbYcU3dBzMoWltcJtMy7WwK0gfKVWz+FXUvbfUUG7rVa9aODHpmplIOYu6bqAjAb5txPNdj4C8by+E9ftdQt93m28gdTnqQa4WzKNOu77uOlbdpcxMuBxtrnnS5oM1WrPvzwr8R9F/aa+HZ0+8Eazum0qTzux1FfP3xb/AGWtb8F3sn9m20moQjLZjHQV5j8OfiPfeA9XiurOaRWjIJXsa+r/AIJftS2PxI1KDStQiMN1ONgYjh68WNJ0byWxu2fHl9azWVy9vdxvDMn3kYciqN1ESuVPFfUn7YnwGsU8RW19YhbdrpPnHQE+tfN/ifwZeaFznco9K9jB1lUgnExqXuZCcw5z3pGO+ZVqr5zCXy8++KmLHKnoeldkVyu7JiOubn7M649cGr0V35sGRVKBY/N3XDII+1Wk8mWZfJb5a3i7lM19Du/KlG7iuiuTvt1Y9+lcerFJAPcV18VwF06LdyQKyqLUzLOgKWmX617F8GNA/tPXrcehBPHpXkugAzSrt/vV9Kfss+EX1DVFlkztVc15ebS5aVzqont9zOmieFrfzJG+UAoMV8o/GDV/t3iu4bcwVmznNfSnxuuv7C8Krz91sD24r5O8U3v2y6uJmbPzV5+S0U4+07mtU4s308esNIk22ONsHnFXpvGUOpXcen3W3ynOCxPSsHxMYzIqrlWblsGua1uJYZo5VZt6kZya+ojFW1OKR0XjDwHHaarnT5vMjkbYq+9cprmiXGiTxwzRssnmc5/u1tXGvXX9o2U0eWhhUM2P7w4q58Wru5vrSG+jX5tuOlTKF2YnmmsSTQzvlSFUkVnXG/5WK/e6e9T3uuPdWjGbAmP61Etw9zaK7j5o+grnqxtsdlGSS1KU19JY3ayJ94D8qYZ5b248yT+LPOetMvSZps++agndkKjdisqfmbqKbuW7G9yzIrcqcGotUheNS2Oaq2MbQSSMe/NRXmryTPtzTIqUxFndv4unWoZrhmk601rra1V5HZjQRGx57LJg8GrVo7GKqc4wKs2zfu67CWy7E3y9acOKqxy4NTAEjNZN2MXK5ctlVqmJEbcVnrIy017lvWlqxGg9181SRzYxWbG25lyavqoEVOFN9TMmvbpkC7T1q3YOTHuY9qzGJfb3q6HZLfC11RigLiyDzQWatCJUWInP0rCjLMgPvV2V2a2UZNROPYDWtNQET45Xjr71LJdGbafvc81kQxMStaFum2PrXPyNgbEd3GkS4PzHr7Vcgm2qpjz8x5rn47hVlra069jCjNbxpvk1NIy1Oi8Ms1zcnzG+UDIr0D4S60mk/EXSpc4WOdcnuMmvKdNu3NxlflUnFdDpl82matayoxLKwP45rzMRRvF2OiMu59vftr6Fcah8NNO1jT5WLW4Vj7g18paX8U7W4vEsdbt/lc7BIPevsDwLrUPxz+AEdizK1xDBsb1+XpXxT8W/CH/CPeJ5rWRcNBJt57YNeflV43hImp3Ra+Ivwpk0F01LTf8ASrGZcoByRnmuRs/C3iDW3VYdNkEbHO9vSums/iLcaLFFaGQyW6AHaTxUmt/Gq8SzMdhDHGQOpHFe37zMUZ178HtUs7cTzRqdoyVBzisfBt59m0Ky9e1aXhn416sl7t1JVmhY4IX0ruoV8M+LbfzIWWG4bs3rWkeZblPU4KxmZzukUqu4AE966qR/9Gjx04pniP4WahfWqtbyRqiMCOetbenfCzXLzR4dnlHbjJNXOUe5lysteFUWJ493qDX1n+ypqsSwiPd8zLgflXzHpPww1qMqsyxKqnJKnrXsvwBv5PD3im1t5GPYH2rxc2tUotI68NvY9f8A2kbZrrw3Eq5+/Xyh4n09kaRB0bpX23480SPxB4eKyAHHzD8q+T/jHokOg3rbOzEVycP4hez5Doq7HiHiTQbyS+DQ5KjqMVAPDcbRbrxtvHQ10Os+Lv7IikaOPzGIwOOlcTqWtz68W8wmPqMelfU3ueedBpN5Y/2HNHGqyNG5DH+6OtYlt4xGtTT6fMuFTOwnvVTwzpTaFpF7J5jOZXLDJ9q5fUtRk0vUVuo/mbdyKi3RE8pmeItKNt4kLTZjjUnaPWq0uoLNIxBIVeB711y6pZ+LwqyoFm6ZNcj4p0U+HNakhb7rcisp6rUcWU729VCN3y1V80TS+1OuozKu/jrnmm21x5nC43Vz2sdVOTHXs/lRYHFZuzzHLZqzqhI69cVmTSNCmRQdDd0SvwaFGVNUf7Uwff6U+O5Mp544oOeehwckobvVq1x5NUweKsWbcc12CtclJw1TwzZGKi2ilUiNqxkYSLGMCo542HOP1qOS4XI+brTmk3R/eohzE6jhJsRfWrEdy3l1R38r+VXrY7oRXUQWIGwF3cVeLfuqyp2KsMelT28rNFzTUrFJGgo8u3VquQyeZEtZnnbbb8as2VxuFIGjSM2wipRcFo+KoiTcaswH5adySxCu7bxzWnbt5LBdozisqElGX61pIPMufl9KTbashy7mpZ3qmL5fvA+la2nb5p42boDWbptqJI1+vNb9hatuVY1LewFc9a0Ylxk2fTP7CHiHUZ/Gk1iu46f5BLnHCnFef/tfKsfxEvWXGHfj6819GfsfeFYPh18Bb3XL6Pybi73FSwwcY7V8j/HjxgvjP4gX9yrfu95CZPXBNeDgZc9eTWyNpaI4eNlOGkzuxipI2jk3KPpVG7LRuoFFs2JGNe9TujEmkhxIMYqT54HV04Zec5war5PmirPQCuhMcTqdE+IeoQQxweazA44JzXbXHxtu9L0WC0hj2s3DNmvLdDRpNTRiudvSty+f7XqCr6VlUppmsrNHoHg34yarb6pCt1IZIJG2kY6CvadK8S29k9vex43BgRivnLTDsQbhnbjbXrPwpUeIBHHNJhU6fhXmYqjaDbCi/ePr3wl4wTxd4Wtm43SLtP1xXif7R3gjy1ebbnL5NeufCDw5/ZvhmFtw25ytcL+01qojRol/u5NfN5bLlxHKjqq/CfJfii2WxlC44dvyrjdff7HqLKv3Rya7jxavnXo3NuO7OK4nxWVGqye6cV929I3PPV2Z0XiQmVbdvuP1rK8W28dpeLtO5WGaq6nbFYvtCt8yyYrQ8VWyzaVYybssw5rOEmwlocz9sNnqUcinb82cA10nxD0n/hJfDNrfQ/6yMYb3wK4vVN9vdfTkV1HgDxR9rt3sJsncCQDVyj1JicAdRklmWNjtA4PFWrLSpo75ZPl8nuc9al8f6Ymn65ui4VjmqV1qDi1+8wrGUbnRBj/EM4F1tXBCnFU3betVpbszOMn86f5+R61jys0pyInhXzcfxUk0LQMe341DdTbZgwNRz3DTOOanYdSSOFSQkdatRy7Lf3rPT7g5qQOdp54rsIJxfSE/epRcNK33qondmnRMwetFGISii5MzDgHjNWInZovWq6TKQBUy/LFxWijExlYdvbcorStZT5IrHQMZh9K04W2wrWZiTNJverMbbYqzzJ8/4VZSQ+QKC0X4D5lvipon8t8Cqtk/yc1I47g0DNENhVbt0/Grts+F+b6Vlwkm25+taVggdYwTyyg0E8pa3bVB961NPb5/m9KzVg3RsOvORWno9uZGA9KKeiuDN/SFVkjzxmvpj9kn4DWvjzUFuroboYeTnoa+atP02W6uoIYwxaRgi4Hcmvvf9nnwVN8JPhC95dPtlkhMhDcFeM14uaYh25Y7m9CHVmb+2F8edK+HXgiHwpprfvgoXag+7XxhqUm59zYZmO4n1NdF8d/G48bfEi8uzJ5m1yoPbgmuK1G537drfdrfL8HyU1bqOerI7477jdjr+lQB9rU+W43EfxetRSXBkcDbivVjFIykidX5XirE5IjX3qqh+UfWrE7FkX61Iom54SkCP+8HPatBj5Wq7j93NZ/h5trLmtG8iNxcrt9qaKlI3dNTz5lX1Nd/4Skm0qeIxtjoDiuI0GzIeL8K9c+HHg6TW7+1XB2uw3D8a4sbOMabTKo3vc+tPhYGfwBp+77zRKx/nXkf7S2nPbXE0jZO5civatD01dC8O2sSsyrFEFFeX/tGKuq6cyKMtsPIr4vAy/2nmWx11fhPjfxbeSSag20cKTXJ6qfNvT5n8S8Vu+JdXWz1+a1ZW3bjnPbmuW8QGS1WbYrNn94p9FzX6Eo3gmcVN2epzuuxtbRum7gtu69Kne4Muhplssg+WqmobAm9W8xnyxGelZcXiIQN5bL8vvUKNtiptdB2rRLIisfvY5qhot39h8U2eDhXbaT6ZrXe7s7+PltrEcVyvjC2k014bqFjthkVvqM05MxidR8SdN+y6luk+6prita1KNpUjXAHTrXpfitbTxn4Os5reX/TGQblz3xXkuraH5F2I77zI5FOVPTNZr3kdEQvWMMsajv0p0paJRu4/GqV4ny7VYtg4BzzU0KbLLa7fPVcqDbYZcS/nUZk2j5utQpkXHLd6sTToOuOmK5akTORwMc26LNH2kquKbblRb4zShMqea6DSPmL9p2qM0kN5ufg96hclhTUUq1aBJouMZFb/eq/aSZt/mrKYOzL81W7dmjjoOVtlzzAsn4Vcjuv3AHvWfH87VZjGRQBK02Wqws/+j4xnmqypyKsIm1KCuYnSfbGpz941cgl3KMt7VQcbbeP/eq/BH+6X61N+5RcVMRKN3JNXbd2hWP/AHsfhUSxfu1NXYIQ6r7c0X7E8xdtGaWVY0HzM2K6TSbPy7hV/A/WsKyGLq3ZYej8kHrXU6euJ128GQ5pyvZ2Ji9T2r9mL4OyeOfHljIyfuLdhI59MV9WftH208Xw3fT7GfbcNEVCdyMVxv7A3hi4Ghz323avk7dxXgn61xP7Wfxf1L4cfEjzZGM1uhwEB7Zr5ao3XxXKnsdykoxPlrxBYXOha1cW95GY5QxzuGCeetZ04KzjByrHivpDxx8N9P8A2kvAP/CQ6MyxalbR5ljH3mAHNfM7TPpN9NbzZ/dsV57GvpsPUXJbqjGUkWU+VqVnDOKjMgDCo5dzSDFbczZPMi993b6mr0NoZtv5nms+2hjAXc7bq0bWFVlBDNtrOTZMbGpYxeS/t2rf0mHzZ1P3q5uebbJHt9BXVeER5hVm4q4ky8jrPDOnfa7uFffpX018AvB26WCQr93Br528Jtt1OLBHWvrf9ntN2kxtw3SvAzmo4wZ1YVaXOm+K3iyPwf4UaVuGHArw+x+LEPivUvLvflhb5dx967L9r7VvsOkWtmGPmXUvT0Ar58vcLpmYZNskPzHB64rzcqwqlT5upVapqVPj98P9J0PxpHPDIu2+9BnB615kdXs/7autP2pJIvyAE/wmvVbLTZviP4UvZoQs15Cx2Bj82favm3VrWbSfEH7y5aG6SYySsR78ivp6NW3uHLIqeO9Jn8KakfLh8xZfmGPeudkuLd2HmApNnJVgeK7XUvHdtql2PPXftOASOoqLWtM0nxDZHy9kczD5SODXXzK1yUzhNXeNpV8r5SvXBqzPF/aHhWZWOWVe9ZmvaHN4av2jk3MrdDU1leebYyQ5+/WUtSjP07xE+liFdzMy8+grpNZutP8AHehxwu228QcMM1x2pW0cRK/xR8Gq0N1JaOrRsVZTng0ttR3sSXmkTaOWW4Vty9Gx1rLm1feMFq6Wz8cw62Ws7xPnxgMaiufA0E7blkRV7VSkjTmucxFdlpetWJWRiNzYq3q/hVdN+ZJA30rJk3GbaxzWNSS6C0Zw5dliXDU6GRnUrvqvFJujH0qaI4rblKkWIjg4zVgKoFVFPzVOHyKo5bkivh6twSbhVA8VNYNvNBZeRtrCrSz7Vqm6YYc1KmdtAmrEv2k5qzDMzLVFh/OrdqfloJLO5mQe1XbaVmRfrVEdqvWyHj5upqZeQG5E2bRfXFXbQ/6OvqTiqEDFbZVNaFrarPapuOPmzRHXYexuWMTbYlDBmDcjH3RXun7NfwmsfiT4mtbe6+ZdwLAV4TaWsybdrZQjII9K+yP+Ce/wpvLdf7eulZbdh8hbjd71y4yq6dF36kwpty0PePir8WdC/ZV+GsNrZwotxImyGEcZOMbjXw38YPiRP8TtRmvr51aSRiT6DJzxXqH/AAUB8aWuu/ECGzt7hJ2s48SAHcEPpXzfrzeTpTXHzMFIyuetceV4JQh7SW7Nakn8J9G/sdNJpumavNBtktltnYpngfKa+aNVSS08Q3n2iM+XPO+1+uPmP417L+yt8UI1kOluVhk1CIxIjHbvU/wfj61zHx++Hc3hfVGWSMx+dIWibt1zt/Cu6npNvuZyUrHnV2Wil2rztOM+tPspWafa386r3VtIzLj0ojheCZW+bpXUTFXNJrVhLv3d+BWppjMy/NWXaszsvOQ3Na9muw0WuVy2Ltqu+4XdXU6ONoXHHSubtE3XC/lXWaFprM67q05bAtTufhzZNfalGONuR+FfanwT8NtonhCGTC7nAbn0r4/+GGleRr9rtX/WMBjPU5r7c0ofZ/B9uxTyxFEBjPXivj+IKjc1BdTuw0bRuz5//a/8UpearD8y+ZbEjANfNc3jGTTmy7fJMxUjPSvT/wBoW8P/AAl15I25lkOQCfu5rxXWIYrqxfdw0ZyK9jLcOoUkjnqyvIuweN9W+HevR6pptxmyVw7p/Cc9j9eam/aJ0LR/Emk23ia1ikhuNQInMSL8vTJ/nWD4bu0Z1hvfmtJGAwemM16J+0pBb6f8PNJh0yMNC8PG0ZCjArol/FRnfQ+Y73V7eUFVjPmA9ADWTearJZa/aj5kzg49qnvrhra9eTb/ABZPFVvEGsfa5opeN0a7elei1ZERkdB4zC65pyu2d8YyD61x9tM1rNn0rpE1pdS0TtnGK5W7m8uRqyjEvmHX99DOTuXG4kk1kyy7Jfk+ZfX0qVx5xzUEq7RWdXQoo3cXm32/hT0BFSXGo3MKriVvzqO+j8p1ZW68kelVrm9K7flz61y8zAvf2hI+PMkLfU1FcyLJJ8rVRe43tn+9zUUjc1ErgchA2VH0qTdiq8UfyVKH2LXomkrlmB9wqZGGaq2rZH1qynSg5x8zfdxU0H+o4PzVTlBzU1sCIzQaFmCU7xlqvF8Q1lLww5q07nyetBMi2j7jVuFgka5qjZ8xCrbnEI+tBJbhDO3tWjZH/vr0rK0s4dtx78VpWzeW26qiu4dLo2rMgQyMeWXgAckmuj03wrr8c9n52j3UcFxGGRmAXcPXHUfjXIwGSyuoXUeTJdAPE+4EFgeDjsfrXqsfx8v7LwX5N5YjUNW3hJbqU4VYePmHPXntXLjqkqKvA7sD7KcrVSf4b+FpPFfiS30uIf6RJcLC6fxLzzX6C+Ltesf2bfgVa2Nuyi7isgE7duT6V80eHPhLZ/DbXvD/AIw09pL6S6tY5XaMblRTg7vfGea9J/b7+JNrrngnRbq0uFmjuLUYAXGGIB59K+Zr4x4mvFLZHZicH7GF4nyV4l8a/wDCReKbmaVnaa6Yykn+LOT1Nc9qOsTX1mzK5hVX2FWXqRV2xjh1BJJryP5mGVK8YNZ1xHfavceTGjSfOkS/KAq7nCgn6ZA96+jqV4wo87eiOF0edqMNzu/h18F/GXiXwbdeMND01rmG1mFjBsl2SebjJlA7quMV6d488VXHj39mu4uvEtrDYeM9DRPPsg6s2FbH2hSpI57gHivU/hZ8E28KfD6x0Kz8RH7UuJL+aJF2shyzRAdOem7rXwn8GtG1j4sf8FJ9c8JnVbyy8M2N3dRjcSySBFIWEk/wE8/WvnsLmcq1RuNrI9SplqhQvL4jqLe/hutrNnJ5PFbR0izvrL92258dKx/ir4GuvhF8Vb/w3dbt9rNmF26SxHkN+Iqx4amaylWaR9vGANtfWUnGUVK+h4MZWbXUhtNGks7/AHHd5fbityS2eCFW8slTg5rRXWGax3fY45CO5IGarWeqtqNyqTWqxrkcBuKbqwU7LY0jHmjdktrF5UkTEEAjd+Fd3oUkNnbvc3EscNvbp5ksjHCxqOpJ6U3w7pmm+IHhsY7dUkYEM4OSBjk/hXhfxi+OF98OPDHjTwUq2moJcPIkGoecFa3hcYKkdyDjFcGaY5UY3R62WZa8S9D76/Zu8D2firT7PxI1zAmjrH56XEh2oyD+LJ7e5r37xZ4ht9K8ELfW95DNazANA0ZDK4I4II4Ir8gP2Gvhh8Yv+Ck3hKHwXq3xdbR/hr4HuIEu7C12xXl7DjCqVRQ0iAKBl2KD0zX6X/Gqxs/hZ8NdH8N6MrQ6bp8AtYsuZGICgDcTznA6+tfGyrSxFeMma4zDRw94OWp8/fGrxV9q1W5k8zzGklJIxwoya8g1WWSZ9yt8h6812HxKvDdyMNu3jp6V59qCtHEVZjhjX3mHjaGp89LVla9ne6f7LDJhmHBz0Ndt8Kvjhp1ij+HfFDCTyciGVvu4PauB0kJBrfdj1/SuP8T266jqV9Iyt5kbEpnjFP2SaswWh7J8S/gxot+ZLzS5AxlUsig5Br5913SptFvZobyNo9pPJHWvVvBPiO6fwpbzQSs7QggrnrjrXM694itPG0syXyKsyErtHWto3SsKxxPhaVpftEKtuXkrzVLVFaORuDwTVaXUl8M+KJfsqt5Oen41qa3qMer2XmrtDd8UolaGEboICM1BJOWNNuVYNVaWbaK56zLHz8nJNV5ZliH3dzU2W4ZjUEz5NcoDWfe27p/SkLZoqJwaAOYV/KjqPztwNR20geMZPapWKrHXoG0pIWJ8Vct5MrWWkx3VctjkdaDlLTN81WIB8hqk67CDmp0m2p1oNCYnFWSM29Zyzb3FWhIfL60EyL1o2EFXGbMIrMtz+7FXom3RD1oJJR0GGxzWzYDzLPn71YzRB1GBj3q/ZnyLflq3SuTdpG7YWNuZYWaLemwDcXJKPnqBXTaV4XbxIi28i+ZC330K/K4IwRkc81y+j2TTWyyeZ/FkCvXPhJrlnHGtrMq7iR81YYqF6eppFW1R69+z78CPFmoeGYj8PfFM2k31ihc6NqyfbtLuABny/m/eRA9Mq2M9sVY8C/HXTf2rNU8QfDPxposXg74heHZngSJWDRPIueYm7q2Mj2NfTn7F/gm30fwJLq0Y8x7w4464A4r84f8Agol45k+HP7WUnxJ0FWheO9FvelTj54zt3Ee61+RcRVquETxOG2i9T77h10cVfDYr7S09Te+LngLXPgX4qXS9espLZZP9VcBS0M4HUoe5746+1eJy/tbW+qftveEfg7ZWMkWnW8g8QavfSHBvUiiaVLYD+FN+xi3UnpX6EfCv9onwB/wUE+CUfh3VLy0g1W4tcRKzj7Tay44ZM8gD9a/Pb9o74EeIv2XPjtcQeKNFhury6BSx8VRW4U6na/8APLdjCt2PIrKHEjxeG5k/UmWTzwddqovQ+ydK+MdzLFNJo9q1vNcSNmMzbiPfPvzXtHwN8DeHtF0BdWl0izg1i4z5lyIh5rsep3etfnT+z9+0Zcav4l+zQ2MzQwSfZpCWwsKf3snsPWvt74HfGSHWru200XKyRqwCjd3rhw+Y8svZxe5v7FunaqXP28PhLb+NPCml+MbdR9u0sfZ7glcGaI8j8jz9Ca+X30i41IqYZtu0557198fGezXWfhfdWrLuW4ix04r4Z1nT5PCfiX7KCzRucKDX6LkuZRVP2FZ69D5bGYJ83taSui1p1qYIP3nzM3Jyepq9Y2LTTrtTr0xUdi0T3GHbpyfan6v41tdBVY7cr9oYhF55JNa4zOsNhFzzld9jTB5TicZUUaUdO5t+INT/AOEJ8H3i2o87WL6FoIwGx5IYZznp+tfAPxM0rxPe+L10n+z7q71fVL1bPT8SbmuJHcKic9ASy5zX3p4n8My6b4TtZJmZry/wR67j90V5r+yR4Jvvi1/wVC8B6Y1uLiHwzLJrN6y/MscVupZWPbPnGMD6ivzPE8QV8ZjrL4T9C+pUMrwTjLWR7l8Jf+DfmLwp8MNOvLz4seLtB+IiqtxPfaGUgs7WQr/qo14dlXoXLgt1wucV7V4k0zUPhJ4B0vwvqXia+8aalYwmCbVL6MLNN82RkDIz719SeN9XXQtAuJmwmE+XnpxXxL8VfHy3GrzSqfMZnJ69a++yLDupLmZ+Z5hipzvKTOD+I1/suhtXA9a878SXzR7cfxHA+tdV4s19dSnjLLtbPIrmPFEK3kStGfutkV9tLY8eLbMC11VrPW1aRgPm6e1J4h0RtTEkkJxvOTiuf18PLOzK/wA2am0zxlJo6qkhL7sDk0rlDfht4xm8IarPpt/8q79y7uMoeprZ1DwNb634gW+s5FjaRs43cMK5XxxeW+rbnnjy0qFY2XqvpXJWN/qvhq5VoNQkaNT8qM3SlqB1Pj7w7J4f1lm+w+crDBNczeR3Bl/dxGGOu70D4mTeItONrfLHI4GBJiuJ8R+JpLbU2h4wCelEdNwsihc200g6Yqnc27R/eq7c695cX3eazrvVPtCGsahcSnJNtn25pLxsPVS4dpJs+9OJyPmPauXkK0JDJTTL71XkPvULMwo5BM5WHhR9KuRtujrNiY7KvQN+7r0CLhwDU0DY71X2ZapoZMUCJnly3WhX5xuqNmy9OVctmgrmL1qvyipgMmorXhMVPGP8KYrliJ9sYq3BNiPrVQLmOpoh+7H1pCNOCT5B9a0YIBdwMvpWXGB9nXmr2nz+Xn6VpTmr2FJXNqwRoNNjVjyp4+ldL4Su5NPmSb73IOPWuUtJ2lVFrrtDh3QoPpVYhXhZk6n6WfsDfEm0134V29jJIsdz5BKxg7umRk18V/tnfB+3k8b+KtL1BN0OpXEkoB7FvmDD8a+hP+Cc+j3GmNJN/q45/mywz8o4OPxrif25df0zxR8Xbq1tVCzWp8qd/wC8ev6V8LPBQr1KlG11Lc9SniZ0VGpHe9z8g9E+LOqfs9fH63SGabS77SL3au1ivmLu4PuCOa/a79jj9qHwv+2f8HI9F8XW+l648wW2ube7gQoyY++A3G4eo59K/PP9rX9iix/aK8NCfT2j07xTp4L2d4GIExHPlyYHKn8wfavmn9j/APa+8R/sx/Fu88K+KDLBqem3JWe3ZgnlFergjgjjIx1FfmOKyKtlOIan8Etj9Qp5tSzXBqN/fR+hP/BVb/gnlqH7PPgW48ffChm03S7PEV/pqEyKID/y1Q5JJGcHJzx3rwj/AIJx+NfEvxj8e6XHqEzaS2m3qBljYkXUeclm/wAK/Qj4f/tB6f8Ato/sna54Z+2K+qXGnvCokODIhU4JHrk/pX5+/sb+F9a/Z8+Mk2jatp9zb3Fte7fM2EqyhsDB6HpWFai6eJhUhquphSvLCTo1dJI/YC4a21rwP9l2LvVdgPt0r4j/AG1NPt/hnFaXyruupJyFUd6+qPDfjcSWEchUgMv9K8f+OvwN/wCGjtf8zz/Jg09jEoI4ZiMk19JmlGvXoL6tpLoeHkuJp06/JiPhPi7Rvivq3xD1RbDS7WRr5pBEEHbPc19MfB39jK70nTx4l8WXTSpAvmrAB8u4c8+la/wd/ZY039nrxgmpOsd5eXDgsz/wj2r0D9qf462fwz+El5JJcR28F0NuC3t2r56GBq0KPtMfO8j7OeYRVRU8HFKPU+a/2ofitLovhPUL+1MduFHkWoDZNuxP3v8AgI59+1fQH/BDv9npvAfwc1z4ta4udU+IUgi0x5+HTTYmIRhnn99Luk91WPtivkn9nn9n/wAQf8FIPjFaWmlx3Vt8P9HmT+3dT6IYN254Ij0aaRRtBGduSTjaM/qNqvjHTfCmo6f4c03TYbHSdBtktbS0iO1Io4wERQOyqq7QK9jIsrniJe0ifNcUZhTk/Y0znf2jvivLp/h+aFpSzzTGNQeOK+U9b1FYtQmaT7q5H416h+05qlxfX9uqt8rTOwFeD+INRmt7sLN0d8n6V+u5XhfZw5UfndVX3KOr6j9qu2bHAOfpWCNT3ecrNhlbI+lSa1qxt7l41X5en1rAeTf5h3ba9GUTOKiUL4iW9kwcpk5PvWHqdvm9yX+VelXru98iQ/U81m6nc+aDzQZysi1rLG6srXY2zy25GPvVy3iA+drUiqjRN1EnXP4Vs3Gp7YYU/u9aydXvCboPt7YoKjZmtokK21n5gbd8v3uma5bV5hcaq7Hn3rWstUaGEq3pyKxNRbdcFumapWRPKNn+dG5qhM+D1qa6k2gDPUVnXCHzP/r1MoplRuWE6feqGaTccZpqkgUh6is3FI6IkfmYbBNO3blqKV8P+NODZWs5RSIkzk4ulWIJPkqmrfJ+FTQPla6DAvRHctNPBquJ9i0+GXfQBPu5FWYcYFVMGpoZOKANGDoKsJjb71SsnzVoHFXa4Fgt/o2735qcSAWy+rHNVpHzaADg96mtVxCuexqANRIs2aepNaFnbeXt3cb/ALvvWfbIWhU+h4Fac0rA27Afd61MYu9wNfTbZUkRD94DJFdx4asvOmh2j5WANcXp1o1xNG7euT9K9P8AhH4bk8T+NdNsIiSLmZFwOwzU4qo4x1Dqfob+yjoVj4e+BWm6g0aiT7NuZiNuOpr8+/id4sl174k65qBkP+l3kkg57bjiv0A+NWrQ/CD4ArYhhCYbHavbPy4Ffmxq8v2ieRh/E3FeXk9GM5Sqs0rSajyMXVfGd1pepW6w3G5V+eXcMBUHoe5+nNfHf/BW39mm48WaTb/GrwfG39reH4EXXbRV+a7t1xtul/2oxhWHdRntz9Ya3D5rWrTBfs8ZJJHVm9D/AJxTibHxHpNxpMyxzRXETQyxyZ2yRMCpU+qkHBHvVZ1l8MbScZrbY78qxX1apzxeh80/8Ev/ANvu60jV9NvtQmjJcLCYQ2wBAMD69DX7DeDND0P4raPba/DYWsrXAWRZQm5hxnr7V/Or4s+Fkn7Jv7Q2ueGwJZLKzuDNp0knyn7O/wAy5+gyPqK/Xz/glT+2XpuqeDdP8N31551xIMLxwn49K/H8HJYXFOhidvM/Q80ovE4ONeg9ep9pweGDAm3Jwo6Vd0Wwj0KFdy4MjbzjuT/9atKOe3uwZIZUmVecqc5qvexfaHUfd2uJv0+7X28uVUlKB8TByj8W55/8cNQ03S9P+1XltJcLGTH5kbHdB74HXmvzN+O/xou/23P2vvBfwo068urfSdW8QW+jJFk7tjyBZZW7/Ku5vYLX6UfG66g8PLI8iNIs0T3vtwMMnp6dfWvhn/gl7oHhP9oH/gubL4g0m3Okx+CfDt5rH2SZf9fduFt2IHqBOze2K+QzTBVK9W0j38PmXsMO5dT9kPhX8FPDP7O/wps/C3hHSbfRdF0uHZDBCuMkjl2bqWPVmOSTXzvrOoRxfGG8luGKxqjKMnv1xj6V9Z6rul0+TH8Q/TFfIPxg0b7H8WrNuguLsRtj0PFfXcPw5XyLQ+ar1G1zPVs5j47wZ1azl/5ZsuVHpXh/xLtxMU8nlt3b0r3T9plvsNnYrjaY8gmvCtQuPPLZ+YkcV+hYWPuJnj1J62OO1l83GGHbr61zupRszuVbiuk1SFpLhjmudvlaKWStJWMY3OevSQeazp355rS1M/NWLeRMZKzasD1K9858/g/Liq8smVXPUc1YuFwv0qnK2ak0irBM+5if4TVG5YK+eoqaWQ7TVSVty1OptFXKV0fMl4qGd1DAZqd/vVUuo8y0amnKkOBzUcgx7U6PgU24bC0SCJTnlw9SQvlKhlXdJUqLtjrOoZyOQhDMKtQREJUMLbW/lVkPhKnmd7GIyTiprUfJUJ+apbY8V0AXR9yljXjNQGTCVPEcQ0AXLGPdzVqQ7BVbTpMJU0jhmquYNSRZd0Yq7FLm1UVSCfu1P41atx+6/GkgNW1kxbL9a17cM0EbdRmsW25t1X3zW9pqhrdFHUV0xiugG5pD7CrkfK3y9K+jP2B/DLeIfjZprGLetvKCQegx3rwnwppn24Kqru/CvvL/AIJ3/A6TwjoupeKNQt2VthW3VuC2By1eLm1RQpu/UunFuVyb/gpXrn2rTI7WNysaQbcZxk18H3xktZ1b+EqCfrX0V+3B8Z28ceNms0/dw242sBzzXzr4g3PBuVu3SjL4ezw6ijKpdzuzP1DUvO+UrujdfLK/3f8AarLj3aZPG0XzSLIAh9QT0qSNmdlVvXFdd8NfBX/CR+J7WSZcW1u4kc46gc111I3pu3QIfxFY+fP+Cyv7Ns2i+Bvh98QltVWa6zpWougySG/eRZ+mHGfevn/9kDx/c/DDxrYyC/ns7Mzqkgx0UnHWv0D/AOCn9zefGH9jLxfp+lxK0mg2seoRDqwNvIsjY+qq4r87dN8PyQ+ENC1crG0OqQJOpTlecf1r8e4qw1qvtJI/UuG8Q50HTP3q/Zp1ixv/AIXaZNp9613DMu/cWz1APevSr61aayEkfJQ5Y1+ef/BI/wCOV14nsV8PzXDstsdqr6DtX6O22nMLX6jkVvkuO9pRUTy80wfsap558YPCaeJ9BhZlzIucRkcOpx/UV8qf8E1/gfpnwy/4KSfErxlqNvC2oXEDWViIW2+TG2wtwOudoH4V9oiWLxBdXVvMu/y5DaqoOMEJmvnT4VeEbXwR+17q0kEbwXMksltIHY/MxUsD+gr2ZYfnqc54c6jWh+iPh+5bUdJVmOdxJ/4CeleE/tH+FU07Xvt6kbo3WVPqK9i+EV5Jf+Gg0v31crXG/tS6Csmgfal6rw3tV4OXLieU5HsfP/7QWnr4t8Jx30Z3FV3H2r5juWePUG5+5njNfTiq1/4ZntmJZShUe1fOfjHSP7D1+4Vs/KTz+NfoOEn7nKeZU1Zw+v6lJFO3v1rBe8a43bvSug1uz33JY/xHNYuqwLEvHGK0le9iVoYN4Ms31rPuhgdKv3kvzt9azbs+YT2qQKEx+ZsVm3Dskv3ePrWhN8hqjPHvb9aCuYqXMh/OoAeCD1qa4HP0qvI+KfS5cZFd2An5+lQ3S4kHv0qxOFf69agmcfaIz/dqObWxvKSsQF9rfjUNy+TU1yP3rH1NQyDJpysTForn79TRNuQ1G6/6Qo9RUZl2SMK55SJkkcwHxt/KrIP7uqyJk/jVththrXl1OcRBhadGcNTFb5adFzWgEyksfxqyh+Wq0X36sr92gCzZ5ReamB3HPaoY48pmpo4iUNBtzItRNvhX0FX7F1MPPrVK0UQ2Rz1armkSJARJJ91aDE09JtWuLtW2tszjpXeaBodnbp5lzIqrjPLYrkLPxrb4EcMOewIHevQvhP8ACWf4gazDeatI1tp0Z37W4DDrXVCSSuwOy+HK29zLH/ZNq11Mp7Dg8jv0r9Ofh5d/2h8ALNbeNUvG0sZRB0fyxkfnX52+NPGei/DbRFs/D4hjmxtOw8j6mvsH/gnb8Vk8Z/D5bO9mBvIvlGW6ivm+IoudNVF0OjDyjfke58QfFmwum8Y3jXistwJSHyO461wXiOF40VVP1r6u/bs+Clx4b8fX2qQxf6JfMZCQOMmvl/xbF5EfmMMcdPSvSwclVw8ZQ+ZzVk1OzOd3rLf29rH/AKyQgcdT616dq+oD4aeCl8rP2i4A6/TmsH4SfD46tfNrdwu21slLgkelZPxS8Zv4y1plj+W2tyVVfXHeumCV7DjpqWdA8TN4lludNul3WeoQPBMCM71dSDn2OTXwd+y9YS+Mfg74g8K3Tf6b4H1K4s7ZuuEEjbR+Qr7i8BDZqauv/LJM/Xn/AAr5n+AHwlb4dy+Nr5nWSXXNeubkf7K72wK+C40oRlDQ+24Wck21sd1/wTD+IUnw5+O9xFN8mGUsM9uhr9nPCvieLxDo8NxH9ySPcMHPavwv+AbSw/tK3Ekf7u3hzExA+8w5r9cP2SdYnbwpIs0zyeWQqgnopGa/PeH6koVPZdD6rPsPGdFV+p2muvdaV4t+0W37sB0m9ndTzn6iuBudNl8V/tjakxVYxJo0Wq5QYAkDGMiu+1zV/tF42c5z+teb6v4sn8C/H7Q9UZQ0OsaVc6Y59GVlmT88NX6Jh9Z2Pzuqz6f+FPjZrbULfTiwXfgkV3XxT8MDxN4ant9ucoSOK+YvAnjOQ+J4bpZPuyKV56jNfXGnX41XR4psZE0e4/lXPj4ulVU4mC10Pi/WnXwdrM9nOdoyV/WvK/j94RVbT+04enQ4r379sLwULfVXvIQF3HPHc15Fqqf2/wCDJLWb5vkyPbAr7TLantIKojzamkrHzfqUzSt0+7WJq58yIkc4611GvaU1hdTLz8pI6Vyt1zLIrehNetKNtSDn7xOCwrPmI5zWndDaGBrIvmwa5xNmdflmmXb92oZRg1ZunUsuOwqrcNuegZTulwap3JwtXrofP+FULz7po6WBXRAf9Tmq7OnfrVj70FUpx+8NZLcqTY24fe+5eVpjPimlvlFLI+BTqaExkxhK/aEY9AOfaqt426Y7enrVgOGzUMjYb8K4+a5pc55UYOvoanf5j7VGOAv0pzPxXfYnlEK8/jipY12rUcY3D8ampkkkS81ZjXJFQQc1ajoAsRnChanUbVqsp+dasSf6r5aAJSf9FLdvrVshW0gE9cAdayZYZLq12cqwOQB3rrPhr8Orzx9rENqx8m3jIeVjwMCh6bjR3fwA+GFtf2H9paguLWI7xnvjvXS/GH402awx6VofyrGAjMhx04rP+KnjFPCPhVdF01lXKbMoe3SvO/D9stltaX53YZJx0oUW1zMXWx13h4SXEaNMxZ2OSWr2H4NfFnVPhXq9rdafN5fluu9c8OM9PyryLTNUjmtVXbh14+tdt8OdMm8TX8dvGpdmbpWdSCnFqewLc/T7VNEsf2i/glBdtCrNqFmJkOPukr2/GvzW+O3gqTw5q91p8gKyQS7Tx2Br9AP2J/G7Xnw7XRWVt2kZgz/IV8r/ALb/AIfW1+OV4qr+6kdW6dSea8fI5ShXnQe3QrE62Z5Z4y1OTwN8KNP02BWjkvk3Njupry1rZYYtv8Tc17D+1JNaxT6Dawqq+XYx5x/ewf8AGvJpId0m72r3KMbpkS00LXgqeO11CTzGCxlTk9K8bivLe48N6pPYTZt/tE7q/wDe+ds16R4k1P8AsPwzql3u2i2s5ZMjt8pryDwfc2tl8NYLYS7pJrQu4/2m55/OvzvjHEck1Bn3PCsXKnL1sc18K9ah8OeMbSRZfMaZ/NlOedzda/V79jHUv7Q0P737uaAMpz1OK/Hn4Xu0njO4guHVdrfJx71+qX7B+uhvC8Nsz/vIYupPbFfAZZUgsZZH12cRksFynvuuwLp8sin5yz7if7teVfGyYXF54XbcF+y6nuJPbdG64rvPEWsy3E0wz93vXknxwl+3r4btlfE19rttHx2GTn9M1+jYOVpJs/M6l7anq/gWwDaxbxx4JZhj86+yPC8ZtvDFuv8AFHFg/lXzf+z/AOAfN115pvm2P8mfTNfShvodG0f943GMClmkuaSijNWSuz5v/as8QJfX0lru+ZTyK+f9f1U6Hp7hWy22vcP2r9DaPzNWtst5n3lHavnuZhqtm5kyzbcjNfYZLy+xSPLrO8jzHxFqCzX8nmfx5NcbrJVJnK9xXReLXWLXpF/ukg1zWrlTM1evXZJg3vJ98VkakOf51p6wjRybqx7i43NXMTqZs5zLTGGf60+5OJd1VbuYo3HQrVcpcERXcuXyp46VTuTujpSzGI+p5qB2ITbS6FjROPK21Vu/mfd7U4RMzVFcrtOKwv7wWuQREgNu454okPNDnCVGW3MadXYziBOM1DJ8zU5m5qMnDfhXJHzNTn9xIzTkzxRt/wBGU05fuqK9AjmJoRUgGaZD92plXFBI+3GDVqPnFVYeWq5Eu0UAOjP79RVzzEjuFRuKpA4lFTsVkmVm7UAdJpun21rJ9sZlZEXO2tzQfiHixuPsf+jjkErxmuOecTWflrnnrVpyunaGscO1XbGT60AW7m7kvbl5GZm75Jrb00iS02t97y/lNYFi2y2Xf97y8H61rW96uxcf3MV0RknAOtze0sG1EbMewB9zXsn7NGuR6X40hkkwVwQPxFeIrcM9vH9a7z4e3kmliO4jzuHQ1LinSaDZn6P/ALE1klr4S8Q3mN0k1++MdgB/9evnX9rfWo/FHxVv7iPP7pguD6jivdP+CbnigeJvhjrdvIV8yG9Ib1GUGK8M/ai0VfD/AMRNTXK/vHJPqDya+fy33cZUi+xtUjeCZ88/FXVn17XA8jFvs6iNfwrmd+Wx7Vp6vObjWrhG6rJis6+g8qT5fpXvJqMdDFRuzmvjRZG4+DniIKSrNZscjrgEZ/TNfOuheKrHQfDHmXFxmZ02QxgfMwxxx/jX0T8VvFdp4Z8AX0d1Igl1CJraKMn5pCw5wK+K7y/mg8WNEiGSS0j3oCM4x+lfjvG9RPEKzP1Dg+k1h5SktLm9oNxNqfiqOSMNDIJgCOhx71+mH7FF+2nT6eGZgLiDaDg8nFfmP4YvpJvFUAmj2y3yi5ZuyknP9a/UL9ibTf7RGl2zMqsIQ4Yn0Ar4fAxf12Nj6bOOWWGdj6AvNRzPMp689q4vUtEXxB8TPC8Mi7hHctcKP9pFOP51teJNQks/EFxDMdu2m+F1Q+P/AAnMy5W41aK2BzjG/IP8q/TqNTa5+V4iJ9ffBjwk2nWKSSJtYnFa3xn1AadoakfL7Zq94Rm8mzWKPrG2AfWsH9ofTp7nwt5i8+WC3HenCXPiFc4Kl+TQ+e/jb8QCPDLLIrNCzYY+leVmzt7/AE4TW7D5l4x7ivSZda0/xpok+myKvnqpVgRzn1rxu50i8+G+uvbTSM9nvyo9q+9wMOSHKeZLV3Z5D41hkh8XXiEfxlufSuS164MU2e2cCvSvjKkOo3y31uvs+K8v8QOtxdqB25xXoSdwM+8uPMX5/TisK+kVZuDxWjrPmJIf7p6ViXm5WrNxsEdRly2ao3T4K1c+0R+X833qoXkqSdKOY02IJ8+Zx0PNVpuDU8lyquo9AKr3DiZmxUx2J5iNJwrmq91Jvk+WmkYNNkOKxS94OYbdL5luoX72eahSMxk1LvUmkmkATiioTG5VdsN0qORs/lRM+WpI3BPNc1maGIBm0UU/aSARTEP7sCpEb5K7zJsdE2DVoHEOaqJ96racw0DHW3VT7Vc8wbetU4uFxUic0AWlIK5p/mr5f3vm+lQqdqUKM0AX7N9qfWrjtm3y3boKo2/3BV3rB+NAF21k822Xd8ueoq8yrDArKM7SAfas+Fd0C+1atqF8pVb1GaSlZWA17SBvLTcuAQCOa7DwvqPl2Sxe4rk7WTzWX6V33w/8Lf2rJCzMqru/SumEdBNn2/8A8EvbGaLwv4hmZf3d1dIEPriPFeXfte3z3XxZ1fzPlEcpx74Fe3/sA+ItP0XSrjRY5I2mV/MHPU4rzL9vHwBcaV8RLi9jXMN8Mgge1fMxquGYST6o6/8AlymfIviWGQeIJmXI3Yas5Ha4lUfn/n8a1/EcEw1Rmx2IxWOl3Hpay3E3At0aQj6c/wBK9jES5aLaM8OrzSPmH49fEaPxx+01Jo4XdZ+FrfZ1480rlvyry+bxB5mvXUMUZ867kEW8D7iZqXRdRmPivxV4muo9zalcTT8joGY8fgDWV8NvEEd/4ujZ487yck+tfg/EFaVStKbP23J8Oo0Ywj0R6t4Q8KQypbW/mNcS+YqKxXBVc9K/SD9lHQRo95oEkCiR7eNVYE/eyBXwj+znp8PjDxjcRn5RZNke5r7u/Z8hm06ySVZWzGflOa8XKPer8z6GWdVPZ03FHqnxyW3Txv8A6PE6yTKGkA5AJqX4QaZH4i+IFpHcSH7NokTaicf89RhIx+pP4V5h8YvjQ2g+IJZiVkaGAs7E/wAIq7+w/wDEW/8AiwuveJF2x6I7rYxbfvO0Z3N+r/pX6Rl8udn53jIvk5j7t+EniVdW1BovN3eWN55rqviwi3fhS4GedhwK8o/Ztu4h4ru43K/vIzt9+e1eyeMrWO40GRMfeQj9K6pQ5cRE8r7Oh8LeKI28NeP5LiLcqsefTrXE/GbxSurasrK+7AxXo3x2VbLxFPHH1Xg+xrwfxddFbv5q/QsOlJKR5b3KVxcRajby2zNhmXofWvMtdsPsF+6sT1Kiug1PWDZ+JFw3ysKwvFWoi5u93q9dUE2xHPX9xvbBPCjArF1CRc1pam2JWxWJeOWkrSUFYcYkErLzVOXAPSrEucVVnl9a5GyrXKd8uJ152qRTV/csx7djU16PN2+wqvKcJTWxBC7gufrUdw+Eozk02VcpU8qvcCGFw70SjiiJQpptw372sZK7NIoryctSxlVPzGkl+/TWPFEopIpqxj05OtFFdBzyHr96rcX+poooKHJ1qROlFFAEjn5fxqROlFFAFyD7o+tXf+WP40UUAXrT/Ur9avx/cH1oooA2dIO51r1HwjM0Omw7TtzRRXVDYmR7t+w9qlwnxzs1EjbZG2sM9RX0P+3Nbo+hWblV3AkZoor5fFf8jBHTH/dz4U8cxKuvMNoxivLfHp/cXy9vs8n8jRRXqY//AHaReC/ixPl6HS4F+Empt5YLeU3JryP4dfIySLw+8c/hRRX4Fm28j9wyf4EfR/7H87J4m1Rg3zb1r78+EsjJ4PXB6k0UV5uS/Ezz+Ijwn9tTV7jStE1BoJCjSQlCfavUv+CReoTS/ss3sbO22HWLjaPqI6KK/R8h3Ph8d/APtz4Ac+LIOTwhr6D8QtnRW+n9KKK9TGfx4nz0Nj4i+PPPjC7/AN6vA/G7YvVoor7jC/AefLc4LxPGP7UhbvisHWx++X/foor0ICOe1U/O1Y8/3j9KKKuexUSrN9xazb04kFFFcEihsxyBUM33KKKozKan56kIzHRRQBXfh6jm5FFFY9TWJXk61GOc0UUVNhyP/9k=\"}}}}','2022-04-07 04:19:01',7),(20,'0x0Cb5e79fbC1a4560Aa1639C087a7303c170311AD','{\"blocks\":[{\"key\":\"8kphg\",\"text\":\"감사합니다!\",\"type\":\"unstyled\",\"depth\":0,\"inlineStyleRanges\":[],\"entityRanges\":[],\"data\":{}}],\"entityMap\":{}}','2022-04-07 04:22:31',8);
/*!40000 ALTER TABLE `answer` ENABLE KEYS */;
UNLOCK TABLES;

--
-- Table structure for table `download`
--

DROP TABLE IF EXISTS `download`;
/*!40101 SET @saved_cs_client     = @@character_set_client */;
/*!50503 SET character_set_client = utf8mb4 */;
CREATE TABLE `download` (
  `download_id` int NOT NULL AUTO_INCREMENT,
  `address` varchar(66) NOT NULL,
  `token_id` bigint NOT NULL,
  PRIMARY KEY (`download_id`),
  KEY `fk_download_users1_idx` (`address`),
  CONSTRAINT `fk_download_users1` FOREIGN KEY (`address`) REFERENCES `users` (`address`)
) ENGINE=InnoDB AUTO_INCREMENT=15 DEFAULT CHARSET=utf8mb4 COLLATE=utf8mb4_0900_ai_ci;
/*!40101 SET character_set_client = @saved_cs_client */;

--
-- Dumping data for table `download`
--

LOCK TABLES `download` WRITE;
/*!40000 ALTER TABLE `download` DISABLE KEYS */;
INSERT INTO `download` VALUES (7,'0x2b8da8bA7614b7a1d288173BB38d71eE63Be49dE',1),(8,'0x46CCa77125508995b14cD6355e994Ac2949E8B47',1),(9,'0x90c6e7c4a2CF8bD4dF6C0B868a384D941f70385B',1),(10,'0xa6a782A9195b00D9C1B05AF62d722f3F24f77876',20),(11,'0x46CCa77125508995b14cD6355e994Ac2949E8B47',20),(12,'0x46CCa77125508995b14cD6355e994Ac2949E8B47',23),(13,'0x46CCa77125508995b14cD6355e994Ac2949E8B47',24),(14,'0x0Cb5e79fbC1a4560Aa1639C087a7303c170311AD',24);
/*!40000 ALTER TABLE `download` ENABLE KEYS */;
UNLOCK TABLES;

--
-- Table structure for table `feedback`
--

DROP TABLE IF EXISTS `feedback`;
/*!40101 SET @saved_cs_client     = @@character_set_client */;
/*!50503 SET character_set_client = utf8mb4 */;
CREATE TABLE `feedback` (
  `articleno` int NOT NULL AUTO_INCREMENT,
  `respondent` varchar(66) NOT NULL,
  `description` text NOT NULL,
  `created_at` datetime NOT NULL,
  `address` varchar(66) NOT NULL,
  `token_id` bigint NOT NULL,
  PRIMARY KEY (`articleno`),
  KEY `fk_feedback_users1_idx` (`address`),
  CONSTRAINT `fk_feedback_users1` FOREIGN KEY (`address`) REFERENCES `users` (`address`)
) ENGINE=InnoDB AUTO_INCREMENT=11 DEFAULT CHARSET=utf8mb4 COLLATE=utf8mb4_0900_ai_ci;
/*!40101 SET character_set_client = @saved_cs_client */;

--
-- Dumping data for table `feedback`
--

LOCK TABLES `feedback` WRITE;
/*!40000 ALTER TABLE `feedback` DISABLE KEYS */;
INSERT INTO `feedback` VALUES (6,'0x0Cb5e79fbC1a4560Aa1639C087a7303c170311AD','{\"blocks\":[{\"key\":\"2q89a\",\"text\":\"\",\"type\":\"unstyled\",\"depth\":0,\"inlineStyleRanges\":[],\"entityRanges\":[],\"data\":{}},{\"key\":\"8o4vb\",\"text\":\" \",\"type\":\"atomic\",\"depth\":0,\"inlineStyleRanges\":[],\"entityRanges\":[{\"offset\":0,\"length\":1,\"key\":0}],\"data\":{}},{\"key\":\"6oe6b\",\"text\":\"\",\"type\":\"unstyled\",\"depth\":0,\"inlineStyleRanges\":[],\"entityRanges\":[],\"data\":{}},{\"key\":\"63nfr\",\"text\":\"도토리에 용감함을 담아봤는데 느낌이 어떤가요..?\",\"type\":\"unstyled\",\"depth\":0,\"inlineStyleRanges\":[],\"entityRanges\":[],\"data\":{}},{\"key\":\"hd99\",\"text\":\"\",\"type\":\"unstyled\",\"depth\":0,\"inlineStyleRanges\":[],\"entityRanges\":[],\"data\":{}},{\"key\":\"6ofbo\",\"text\":\"\",\"type\":\"unstyled\",\"depth\":0,\"inlineStyleRanges\":[],\"entityRanges\":[],\"data\":{}}],\"entityMap\":{\"0\":{\"type\":\"image\",\"mutability\":\"IMMUTABLE\",\"data\":{\"src\":\"data:image/jpeg;base64,/9j/4AAQSkZJRgABAQAASABIAAD/4QBYRXhpZgAATU0AKgAAAAgAAgESAAMAAAABAAEAAIdpAAQAAAABAAAAJgAAAAAAA6ABAAMAAAABAAEAAKACAAQAAAABAAAAlKADAAQAAAABAAAAvQAAAAD/7QA4UGhvdG9zaG9wIDMuMAA4QklNBAQAAAAAAAA4QklNBCUAAAAAABDUHYzZjwCyBOmACZjs+EJ+/8AAEQgAvQCUAwEiAAIRAQMRAf/EAB8AAAEFAQEBAQEBAAAAAAAAAAABAgMEBQYHCAkKC//EALUQAAIBAwMCBAMFBQQEAAABfQECAwAEEQUSITFBBhNRYQcicRQygZGhCCNCscEVUtHwJDNicoIJChYXGBkaJSYnKCkqNDU2Nzg5OkNERUZHSElKU1RVVldYWVpjZGVmZ2hpanN0dXZ3eHl6g4SFhoeIiYqSk5SVlpeYmZqio6Slpqeoqaqys7S1tre4ubrCw8TFxsfIycrS09TV1tfY2drh4uPk5ebn6Onq8fLz9PX29/j5+v/EAB8BAAMBAQEBAQEBAQEAAAAAAAABAgMEBQYHCAkKC//EALURAAIBAgQEAwQHBQQEAAECdwABAgMRBAUhMQYSQVEHYXETIjKBCBRCkaGxwQkjM1LwFWJy0QoWJDThJfEXGBkaJicoKSo1Njc4OTpDREVGR0hJSlNUVVZXWFlaY2RlZmdoaWpzdHV2d3h5eoKDhIWGh4iJipKTlJWWl5iZmqKjpKWmp6ipqrKztLW2t7i5usLDxMXGx8jJytLT1NXW19jZ2uLj5OXm5+jp6vLz9PX29/j5+v/bAEMAAQEBAQEBAgEBAgMCAgIDBAMDAwMEBQQEBAQEBQYFBQUFBQUGBgYGBgYGBgcHBwcHBwgICAgICQkJCQkJCQkJCf/bAEMBAQEBAgICBAICBAkGBQYJCQkJCQkJCQkJCQkJCQkJCQkJCQkJCQkJCQkJCQkJCQkJCQkJCQkJCQkJCQkJCQkJCf/dAAQACv/aAAwDAQACEQMRAD8A/v4ooooAKKKKACiiigArw39pf9ov4U/skfAPxZ+0r8b9QGmeFfBmnS6lqE4wXKRjCRRKxUPNNIVihjyDJK6oOWFe5V/GD/werftC+I/AX7Efwy/Z20G7ktbf4heJ573UVjcr9otNDgVxBIAcNH9pu4JsEffiQ9RQB+G/xm/4PDf+CmHiX9oe1+K3wd0jRPC3wvstRZLfwvPYJd/2haxsrNFfalIDN9pMbDc1o0CpuU7G6t/oc/8ABPn9tr4af8FEv2QfBf7XnwqhkstO8WWrPNYTOrzWN7byNBd2kjKAGMM8bqr7V8xNrhQGFfwuf8Fu/wBij4W/saf8G2H7KXgfStNtrXxVH4n0vUdRnCqLiW91/QtQv9WLN95wJ47eIMekcMK8BVA/av8A4M1V8RD/AIJJ6udb3/Zj8QtZOn7s4+zfYtO3bfb7R53TvmgD+sWikBB6UtABRRRQAUUUUAFFFFABRRRQB//Q/v4ooooAKKK/jX/4Lif8HTXgP9kXUNY/ZW/4J8y2Xi74l2pks9V8SyBbnSNCmGVeKBclL29jP3gc28L4D+aweJQD+m/9rf8Ab0/Y6/YR8Hr44/a2+IWj+CbOZWa2ivZt15dBPvC1soRJdXJHcQxOR3xX8lv7Yn/B6z8A/CDXXhv9h34Yal4yuk3JHrXieUaXYBh0kjs4DNczxn0ke1b29f4vvh/+z1+2n/wUu/aM8C+OvjdrWpu/xr8WxeFbPx54sa5ewuNSkIDQx3DK3meSGCLDD8qEpGAgIx/ff+xp/wAGd3/BOb4FRWmv/tQ6rrPxl12La0kNzI2j6NvHIKWlm/2lsHqJbx0YYymMggH8f/xo/wCDiT/guL+3T4sPgv4eeONV0Br8n7PoPw4sHsphntFNbCbU26gc3LY+teNeGv2TP+Cxn/BQX9qL4Zfspftdab8XdaNxq8aRyeNIdZmbRtP1GSAajfI+rKVgiEESyuxIVvLXqcA/3xfs/f8ABVT/AIJ7fAH/AIKzaX/wRw/Y/wDh74Y8MeHJrK5sr3xHoS21haf8JNaxNcf2WqW8IS5kWJDHLK83mG6fysF1O/8ApgoA/nF/4OLP+CTPj3/gob/wT50TwJ+zZZyap48+Ft3De+H9Ne7jtkvrfyltrq3Jl2QmYwhXiLtGNyFQw34P8CWh/wDBu/8A8F0NcsRpGnfBDXorWIkLDcappltGCTk7VnvkXk8kjrX+kp+0l/wWZ+Bn7PP/AAVG+D3/AATDltrfVNc+JCT/ANsakL4RDQZpoWfSIJIPKcTTahKhjEZlieNXifDiRQf2G1LUtO0bTrjWNYuI7S0tI3mnnmcRxxRxgs7u7EKqqoJJJAAGTQB/j9Sf8G4n/Bdv4fL/AMJBp/wT1a1kj+YPp2t6NLMMei2uovJn6DNYc/xz/wCDhX/gmJKupeJ9Z+MHw506zYbP7cXUptFJHHypfrNp8g7ZAYdvav75v2Gf+DjP9n39sT/goX41/ZFv7e18MeD538n4aeKb2V4YvFctnMbW+WFpgsRMs3zWSodzxowbEpCV/Q3498YeCPh/4J1bxx8S9RtNI8PaTaS3WpXt/IkVrBaxIWlkmeQhFjVQSxY4xQB/m2/sgf8AB6F+2n8M5bXQf2xvA2h/E/TFIWXUdN/4kerYPDO3lrLZSEdQiW0GehcdR/YR/wAE+P8Ag4N/4Jnf8FFr2y8GfDXxifCXje92pH4X8VKmnX8srcCO1k3va3bE52pBO8uBlkWvwr/YP+EH/BHL/g5D0H4pW3xY+Evh74cfFDwpr10LW68CvJol/eaBOw/s/VjEVENzK3zR3DXFtKFcIxWPzUQfkD/wUv8A+DRv9sb9lKzvvit+xXqMnxm8IWm6Z9OhhFv4ktI154tUJjvgvrbETMeluACaAP8AUJor/Ki/4JZ/8HSf7bX7BF1ZfBv9qNbr4vfDqxcWxttUmZdf0tEOwra30uWlWMdLe63D5QiSQrmv9Gj9gb/gph+xt/wUs+Gf/Cy/2T/FsOs/ZlQ6lpFwBb6tpjv0S8s2JdOchZF3wyEHy5HAzQB960UUUAFFFFAH/9H+/iiivjr9v/8AbN+HP/BPv9kDxz+1t8TyJbDwlp7TW9pu2PfX0pEVlZxnnDXFw6R5wdgJc/KpoA/l8/4Osv8Agtp4m/ZW8JRf8E7/ANlbWn03x54ssRdeK9Ws5NtxpOkXAIitIXU5iur1cs7Ah4rfBXmdHT8c/wDg3g/4Ntk/bb0vS/23v25rae0+FRl8zQPDoZ4bjxF5TYNxcOuHh04MCqhCJLgglWSIBpfw4/ZL021/4Kwf8FbfC9x+3F4xj0i0+K/i43XibWLmQwRESCS4WwgkJIgNyIlsbMZ2xF4wBtTFf64Hxy/bL/YK/wCCePwssrT42ePPDPw58O6BYxWmnaZJcxRzLa20YjigstPh3XEwSNQqRwROQo4GBQByf7af/BMv9lj9tz9kqD9jvxtpA8NeHNFa2uPDU/h5Y7Cfw/eWKlbS500InlwtCrMgTZsKMykc5H5O3P8AwRo/4KyfEvRU+CX7QX7f3inVPhfCot5LbQ/D1lpGv3tpjaYZ9Zjme5LMnDvK1x5nO5SCRXyNH/wcJ/H7x/8A8FDPgp8Xf+Ea1P4YfsQeL9V1DwkPFHiawt7UeIdUmspWtL9p5wZLOzjufJ8pkdI2jWdpXYq8UH9K37WX/BQn9jL9h/4ZSfFj9pn4h6P4c0zyPtFrE9wk15fAjcq2VpEWnuWcdBEjDHzEhQSAD4a8Z/8ABv5/wTc8QfsU6X+xJ4Q8MXPhPTfD+oDXNI8SaTcGPxFZ64FCnVBqDKzyXDhVDiQGLaqKqII4vL+WYf8AgkX/AMFmUsV+HDf8FEfEX/CGxjy1b/hEbA64YRwEbVDd/aTLjgzmUsT823sJv+CNn/BcTxr+35+0j8S/gT+0/wCHoPhlqd4LTxP8MtG1C3ksr/U/Cl6r+XIzTyFbqYIsUxaFQrrK7IDHGSv77fHD49fBb9mn4b6h8X/j/wCKNN8H+GdKTfc6jqtwlvAnooZyC8jHhI0DO7YVVJIFAH4o6R/wbV/8E5x+zP4l+BnjuPX/ABX4s8XahDrep/EfVb/z/Fx1e3D+Tew37IREYzJJiMIyOGPmiVvmrw/UP+CCH7Z/xtsLL4G/tsfts+NfiT8ErF1Evha20yDSdQ1O3jIMdvqesR3M011HxiTzUkL4DKY3AZfV/wDgnb/wcI/Az/goD+2342/Zt0vS18HeFItLg1PwBrOvSvYXfiuCOeS2vZ7a2uFRTH5qEwIjtKUjkLqGWRIv0K/b8/4Kn/sZ/wDBOb4W33jz48+LrI6wsLHS/DNjNHca1qlyR+6gtrNGMmHfCmVwsUeQXdR1AKXx2/4JEf8ABO/9oj9ljQf2NviD8NNNj8DeEYBB4ehsA1pd6QR1lsryMidJHY75WZ2898tOJCTn83rH/g2I/Y91e9stI+N/xd+MvxP8GadMksHhDxT4ua40X92cqjw29tby7VwAuyVCB3PWur/4IQf8FZ/En7ZvwI1f4V/tza/ZeH/2h/BWs3tpr/h3UraPQ7/7I7+dZzJYSeWWRI5BCzKm5TGDIMuryfaP7bv/AAWX/wCCev7BOgvJ8XvH1lq/iaQiOx8KeHJI9V169nY4jijs4HJiLtwr3DRRE8b88EA8f/bM/wCCFv7JP7TN/wCFviX8FLrU/gP8TvANhb6Z4Z8XeApP7OuLKytUMcFpLbRlIp7ZEJUL+7k2fIJRHlT8i6v/AMEZP+Cp3x9sU+E/7Z37eXibxF8NMGK703wp4dsPDWp6jbkbTDcalbO77HXiRZVuFfJDA9a73/gm/wD8FqPjn+0/+3F4g/Y5/bV+EX/ChtV1vw/B4s+H2maxcOuq6npbSvFIlxHKEVrrCNN5SJG6LHKrRt5Zev6J6AP5yv2nf+DW/wD4JS/Hn9nLSPgf8PPCJ+G2teGrNrbSvFWisX1JnJLl9S84ldSDyHL+f+8VfkhlhXAH8Af7XH7D/wDwUq/4N2/2u9D+Iukaxc6LMk7v4Y8baEW/s7VIUIaS3lVwVDFcC5sblWDDtJEVdv8AWH+In7bf7Lvwr/aY8D/sdeNvF1tbfEv4jR3U2haDGks9zNDZwyTyyy+SjpbRlIpPLe4aNZWRljLMrASftofsb/Aj9vf9nPxD+zD+0XpK6p4d8QQ43LhbizuUB8i8tJCD5VxAx3I+CDyrBkZlIB+bP/BDX/gtN8Mv+CunwAkutRjtvD/xY8JRRR+KdAjY7G3fKmo2Icl2s52GNpJaCTMbkgxyS/uZX+N78UPh5+2//wAG3v8AwVGtrrRbox634Wn+2aRqOx103xLoFw5UiRM/NBcopini3FoJlO1g8aSV/qzf8E8f28/gp/wUl/ZT8OftVfA2fFhrEZhv9PkYNc6XqUIX7VY3GMfvImIIbAEkbJKvyOpoA+3KKKKAP//S/v4r/PV/4PXf21NRvvG3wu/YA8MXhWx0+1fxpr0SN8slxO0tlpsb46GGOO6kKnORMjcYGf8AQqr/AB3v+C83xDf9p3/gun8W7LxNqcemWEPiu08JLdXDBYLK20yODTHlYnhUVopJn7ZLGgD+yH/ggn/wQx/ZN8V/8EbtL0/9s/wJZeLL745TQeMb1bsSQ3FraKjpootbqBoriBltJXuA8bq2buVCShwf1V/Zv/4N3/8Agjz+y74mi8beAPgxpuq6xA/mQ3PiOe61wRMDlTHBqEs9ujIeVdYg4PO7IGPoD9sP/goR+xF/wSh/Zn07W/ip4gtLGy0vSoLTwx4bsZUm1TVUt4hFaW9haqd8isFRPOIEMYILuor+cj9hP/gqL+2n/wAE3vil4j+KX/BcDw54l8LfDP8AaSv/APhMfDGut9t1aw8IXN1JKBoV5ABLLYobYQmOBU8yMIu6Mky+QAf15fH/APZq+Av7U/wh1H4CftC+FNP8WeD9URY7jTL6LdF+7/1bxldrxSRnmOSJkeM8owNfl5+zj/wb6/8ABG39lL4m2/jr4bfCLTLnxKjNdWJ1+9u9aMAiZf3lvbajcTxKYmZcSiMyISvz5xXmnxm/4OWf+CXfgaK10D4EeINX+N/jHVEb+zvDXgLSrrUb2dwpKhmdIoUBOAw3tIByIzjFfj3488Bf8Fyl/aj8H/8ABwR8U/hml1/wiby6NF8EtKdp9d0/wTeQTJNMWC5m1AvMZ3iCGfzAhaNI0MEQB/TT+3z/AMEpP2If+ClGmaYP2oPCZu9c0EbdI8Q6ZPJp+sWA3bwsN3AQzIHywilEkQYlggbmvze0j/g3T/4JI/AnWbT43/tS6t4h+IlroU0ItJ/ij4na70y1lklSOFGjYWlvIskhVBDOJEkZgpRiQK2NG/4On/8Agi5c+DP+Ei8VfEXVPDWsRqRc+HtS8O6wNUtp1+9byrb2s1t5in5SVnZAer1+TP8AwUZ17/gpJ/wce/BTVfh/+xJ8NNT+G/wG8JxSeILfVPG0f9m6j441azRjZ2dhbEsFtyxYxyO5haTa0skbKIwAf1B/tjf8Erf2AP2+PB+ieCf2pPhnpmv2nhmH7No0tuZtNudPgwAILa4sJLeWOAbR+5DeVwMocCvE/wBkf/ghP/wSn/Yh8cW/xQ+APwi0638T2biS11bVri71i6tpAcrJbNqM1wtvIvQSQqj4/i5OfhT4Kf8AB0t/wTWT4bWem/ttazq3wZ+K2lwrbeJfCOreH9alns9RiG2dIntbKdTGzgmPzCkgUjeqkHHzr+0x/wAFQP23f+Cxfw51v9mX/giD8P8AxDo/hzWbOeLWvi54nik0GwitthLWuiu+ZHubniITDEsO8kRxgi4jAP2y/bU/4I5/8E2f+ChPiiHx7+1h8LbDxD4igiWAavb3F3pl+8UYwiTXOnz28k6oOEWYuFHCgVZ/ZD/4I8/8E0P2EtcTxb+y/wDCHRdA12IERavcefqepRZGG8m91GW5uIdw+8InQHoRivhv/ghz/wAFPvgB8Wv2RPBv7Kvxn8XDwt8c/hbpsXhfxZ4Z8XXZttbN9pY+zSXAF6wkuVlCB2KFzEzbHCkDP0B/wUh/4Le/sV/8E8PBVzaXmvW/j34l3kLLofgjw7Mt7qd5csuYvtCweZ9ktyeWllAJUN5SSuNhAPev+Chv/BLv9lf/AIKWeCtL0P48Wd7pviLwzMbrw54r0Kf7DrmjXGQ3mWl0Fb5SyqzRyK8ZZVbaHVGX8wrf/gk1/wAFqvDNoPAPgj/gofrY8KAeWj6r4M07UNYSLphtQmujcSyY/wCWplRiecV+qn/BLb9sfXf+CgH7A3w3/a98UadYaRqfjOxnnu7LTJnntoJre7mtXRHk+cHMOWRslGJXLY3H7y1DULDSbCfVdVnjtbW1jaWaaVgkccaAszuzEBVUAkknAHJoA/iu+O//AAS8+IH/AARQ/ah+Ev8AwVy+FMnjX9pCXw/c6tbfGC91GU6j4huLPVbX7MmqWcP/ADys0aTdGXYqAgeQRF5Iv0U13/g6i/4Jeaxo0Gnfs4Hxj8WvHGoLtsfCPhzw3qP9py3BGFiY3MMMPDYDmJ5SBkqrnAP7U/srfto/svftu+FNd8d/sp+MLTxrovhvWrjw/f31ikwgTULVIpZY45JY0WdNk0bLNCXhdWBR2Ga+jLLRNF026nvtOs4Lee5O6aSONVeQ+rsACx+tAH8VXiPwv8T/APg5+/Yk+PngX9obwBovww+NfwI8X3Vl4I02F5f7T0yZbZXfTtXlnb50vHje3klRIYjJGsoiBgG78Dv+DWf/AIKD+NP2Gv8AgpFB+yP8S5p7Hwh8XrxfDeo2F1lPsPiGJmj06by2wUlafNlIvGRMC2TEgH9x37Yv/BEzSfjR+0vf/trfscfF/wAT/s5/FjXraOz8Qar4aVLmw1qKJQqNf6dI8SSzKqqA4kCnaGZGk+ev82T/AILE/srfFL/gmL/wVO8QeFLzxtd+NPEdpd6b4ztvFV3bJaXN9fXypfy3ckMbuqOL7zhw5ztyTkmgD/Znorzv4Q/ETTfi98JvC/xZ0UbbPxRpFlq8ABziK9gSdBnv8rivRKAP/9P+/iv8cf8A4L5eAtK+C3/Bcj416f4lsDc6bL4qtdentn3KLiDVba21KVQVKnEgnZcqQRzyCK/2OK/jh/4OmP8Aghx4o/bQ8Fr+39+ynpz6j8SvBemi21/QrdC0+uaPblnWW1RQTJfWQZiIsbriDKITLFDFKAfrj+w9/wAEI/8Agk3+yV4u039oz9n7wLDr+tyRw3mi67rV9PrZtYGQNbyaf9pd4ItqEGKZE80LjEmK/ZXxB4d8P+LdFufDfiqxt9T068Qx3FrdxJNDKh6q8bhlYexBFf54/wDwbif8HInw3/Zx+F0f7DP/AAUa8SnR/C/h6KOHwX4kmtbi5FrCXYPpl+8CySCGMlfsspj2xJujkdY1iC/U3/BS3/g8o8GfDzxJqfwm/wCCanha08YS2hMJ8Z+IBMmms+MMbHT0MM86qT8s00kSll4ikQhiAf2jfCv9nT9nz4FvdS/BHwJ4e8HNe/8AHydD0u008zc5/eG2ij388855rrfGvxM+HHw1sf7T+IviDTdAtsZ83UruG1TA77pnQfrX+QXrv7cX/Be//grp4qudF8J+JfiN8QIpJNk2leD4Lm00mAH7qzwaVHDaoqg4D3GTjqxJJPo/gr/g2F/4LjfFi8Gra18KDpK3RDNd65r2kxOSe7xi8luc/WOgD/Sh8f8A/BSX/gjj4O8U/wDCUeO/jR8KBr0BH+kf2zpFzfRlenMUkky47Vysv/BeP/gjtDJ5T/tD+DyR/dvCw/MIRX8Mngj/AIMvP+Co/iGJLrxb4w+HXh9D96KXUtSuJ1/4DBpjRn/v7Xs0P/Bkh+2y0YM/xh8EK/osWpMPzNuP5UAf2VD/AILDf8EUPiPqkN1qnxy+G95dQkLFNqd9aRsnPG2S6C7Rn3Ar7k+Gf7ZP7H3xkeK2+DnxV8HeKmkwI00bXNPvi3oFFvO+fwr/AD0Nf/4Mmv8AgoHbW5fwv8VPh7eSgcLdSarbKT/vJYT/AMq+Nfif/wAGjn/BZrwAsjeF/DPhvxqE5H9i69ax7voNT+wH88UAf6O/7Y//AAST/wCCcv7furJ4l/ax+FGkeKNZjRYxqyG407UmjQYRHvtPltrmREH3UeRlXsOTVH9jH/gkL/wTh/4J+6le6/8AspfCvS/DurX4dJdTuHuNT1BYpBteGO81GW5uIoWAw0UbqjdWBPNf5eE/wr/4ODf+CW//ABMLLT/i78NdK0/l5tOk1GbRAE7SvavNpzqOu1yR3xX3B+zb/wAHf/8AwVg+DTW+nfGB/DXxV0+PCyHWdNWxvSg7JcaW1rGGxxukglJ6kE80Af16al/wRy/bt/YZ+JWveM/+CJfxn0rwP4M8V3ct/qHw18d2s1/4ctLyU5efTJYI5p7VW4HlJGDgANK6BESjq/8AwRy/4KVft2SR6P8A8FcP2oH1TwEXVrvwD8M7L+xdMv1U7vKvNQZIrieEkDdHLC57o8bAEfKP7I//AAecfsHfFi4ttA/av8G698Jr6bCvfW5GvaSnYs8lvHFerk8gLZyYHVuOf6kf2cP2uf2Yf2v/AAaPH/7MHj3RPHWlAL5sukXkVw8BbolxEp82B/8AYlRG9qAP5Uf+Ccf7YXwf/wCDeK98c/8ABNX/AIKM6Pqnw78My+L9V1/wL48jsbvUNC1vSrzyhDE01rHPMl1FHGgdSr7c7ZShVTJ9SftT/wDB2n/wTb+Ffw71rXv2Vodf+NetaXbiRo9L0y903S7VnZY43v7/AFCCFoIWkZUDxwTEsQoGTmv6dPE/hLwr420h9A8ZaZaavYSEF7a9hS4hYjoTHIGU47cV8Lf8FDP2BPA/7bH7AHxH/Yh8NrZeE4PGWnKllNbW6xW1vqFpPFe2UskUKrmNbq3iMgUbigIHOKAPf/2RPit8Sfjr+y74A+NPxf8ADcfg/wATeK9BsdW1DRYpzcLZS3cKy+V5hVSSAwyCMqcqSSMn/No/4POF04f8FYvDZsgBKfhvpBuMd5P7S1XGf+2eyv6hf2dP+C8D/sKeGtE/ZI/4LeeCNd+DfjjwxbRaTB4wh0651Pwv4iitEEUd5a3NjHM4klVQ0qJG8atkloiTFH/Dj/wXx/a48Cf8FJ/+Ctfib4ifsz6gfFHhe7i0Xw54auo4pYftgitYUfZHOkcihr2WZV3KMjB70Af6m/8AwSvkvpf+CYf7OMuqZ+0t8L/CBl3dd50W03Z989a+868w+CPw2svg18GPCHwg00q1v4U0XT9HiKjClLG2jt1IHphOK9PoA//U/v4ooooA/wAUv9ov4afFD9u7/gsJ8QfhF4Uaxt/FnxE+J2saVYCfFraJcz6lNDbxuYkOxOFQtsJ/ibJJJ/tr/wCCQn/BpL8D/gRo0fxe/wCCnFnYfEPxuZy9n4btbiSXQLCJcbGuRsha+nY5LI+bZQduyQ/OP5N/DQ/4Vl/wc329pF8kel/tLm2Pb9yPFxib80Jr/YRoA/Nb9s79tP4Df8Emfgv4X1q++GHiW88CyXbac0fw/wBBiubPQoEjMnn3cEL26W1txtBRTk5wpI5439nL/guN/wAEnP2qILYfCr45+GIr272hNP1u6/sS9Mh/5Zrb6mLaSRweP3YcHqCRzX6ieIdf0fwpoF94o8Q3C2mn6bby3VzO/wB2OGFC8jt7KoJNf5X37Rn/AAX3/Ze/bP8A20bTUvjt+yn8NLr4NX+qR2epTXGmuni99NlkCS3p1yyltpEuFQmZYlXYv+rLMf31AH+qsjpIgkjIZWGQRyCD3FOrA8KeHPD/AIP8L6b4S8JW6WmlaXaw2dlBGSUit4EEcSKSSdqooAyTwK36AOe8V+LfCngTw9d+LvHGp2mjaTYIZbm9vpo7e3hQdWkllZURfdiBX5geBv8Agtt/wTe+Lv7Wfh/9iz4EePl+IXjXxA9wqt4YtZ9T021W3heZpLjUYENqIyEKh45JArEb9oINfMP/AAW//ZE/4Jvax4Jk/wCCh3/BS668T+IvB3wp0dbe28F2urzW2i6hey3DfZitjCYXk1CeaZYPMFwiGMKJgY4yR+Rv/BA7/gvt+zZ8fv2zIv2BPhP+zr4b+B3hzxZBeS+GZPDbR+bJPp1tJdtFqZS3gE0ktvFK4nGCHUIQ+/eAD+3CvhH9pb/gmD/wT0/bBjuH/aP+DvhbxPeXWRJqMunxW+pc9duoWwiu1z/szDnmvu6igD+Lv9sX/gy8/Y4+JMV14g/Yx8daz8M9TbLR6Zqw/tvSSR92NGdor2IHoXee4x1CHv8AyfftR/8ABFX/AILJ/wDBIDxW3x40PS9Vj07QS0kXjj4e31xNDbxqcmSV7cQ3tpHwNzXEMcZ6bmr/AGBaQgEYPQ0Af5sX/BNj/g8a/aI+EMun/DX/AIKL6D/wsnw6m2L/AISXSI4bTXrdOm6e3Hl2l6FAA4+zyHlmkkbiv77/ANjz9uH9lf8Ab3+FEPxm/ZP8ZWPi7RGKpcC3YpdWczDPkXlrIFntpcc7JUUsPmXKkE/jZ/wVA/4NkP2BP+CgdrqPj/4a6dF8IfiZcB5V1rQLdFsLyc851HTFKQy7mJLSwmGdmO53fG0/5sv7df7AX7bH/BI74/t8K/jjb3Xh2/uEkk0jXtHuJRYataowDTWV0nlswBK+ZE4SWMsokRdy5AP9cX/gqN+3b+zh+wB+yF4t+NP7QM+l3xtrCX+x/D1+0Tya1qJBFraRW75aQPLt8xlUiKMNI2FUmv8ANE/4Nz/2SPFn/BQ3/gsP4a+JPjO1F3ovgbUZfiF4kuFiCQfaLafz7OIKoEY87UXh/dcZiWXAIUivBP8Agnz/AMEP/wDgpN/wVr0lvjP8HbG0bwk2oyaXdeK/EmqpHCtzAsbyoYg09/LsSVTuS3ZCTt3ZBA/03P8Agjn/AMEjPg1/wSH/AGbpfhP4HvP+Ei8W+IpY77xR4jkiEL6hdRqVijijyxitbdWYQxlmILu5O6RqAP1xooooA//V/v4r8W/+C0//AAWa+C//AASJ+Aa+ItUSDxF8S/EsckfhXwyZMGd14a8vNpDx2UDY3sMNK2IoyCWeP6w/4KYft7fDb/gmt+xp4v8A2sfiPsuTotv5GkacW2tqWrXAK2VmhHIEknzSMATHCskmCENfwL/8Ej/+CYv7Rf8AwcQ/tba//wAFJ/8Ago7rVzf/AA2sdV8m7RXeBtZuLcLImj6eqHNpptsjqszxkNtby4j5zSTRAH8/XwE+Pvjb4/8A/BWTwJ+058Rhbp4h8X/FbSPEeoi0jMUAu73WobqbyoyzFU3sdoLHA7mv9uGv8ar/AIKYXHwv+An/AAXS8e33wt/s228K+DviLaTWkOlCJLK0hsJrd2tYUhxHGtqyNCY1AEZQpgbcD/ZVBzyKAPnv9rf4beKvjL+yn8TvhB4FlWDW/FfhPWtH0+Rm2Kl1fWM1vAxbsBI6kntX+NZ+yX/wSl/bY/a0/a7tf2PPDHgPWtK1+21NbHxDNf2M0MOhQpJtuLm/d1CxLEoZgpO6VgEjDOyg/wC2vRQBnaPpdtomk2ui2ZYw2kKQIWOW2xqFGT3OBzWjTJZY4I2mmYIiAszMcAAdST2Ar5G/Zn/b6/Yz/bJ8Q+KPCn7LvxH0TxvqPg25Npq9vplx5j27g7Q6ggebAzAqtxFvhZgQrkg0Afi//wAHYP7Mnxr/AGmP+CTl7H8ELG51a58DeJ9P8U6pYWaNJPcaXa215bXBWNMs4gN0ly4AOEiZv4a/jt/4NJf2T/id8Zv+Crvhz9obSdKuH8IfCmx1S/1XUijC2W5vtPuNPtLbzcbTO73JlWMHcUidsYFf6t1ZWj6Dofh61ax0CygsYXkaVo7eNYlLucs5VAAWY8k9T3oA1aKKKACiiigAr/Nu/wCD2H9pe28Z/tYfCf8AZT0mYSR+BPD11rl6EP3bvXZ1jSN/9pILFJB/sze9f6SBIUFmOAK/xw/2mfEOt/8ABZ//AILwavZeFbh7mx+KnxCt9A0y4jOfK0K1mj0+C5A5AEenQCd8Z6MeT1AP9I3/AIN2v2b5/wBmL/gjv8F/COqQeRqfiHSn8VXuRtZn16Z7+DeOzJaywRkHkbOea/bCsnQNB0fwtoVl4Y8O26Wen6dBHa20EYwkUMKhI0UdlVQAB6CtagAooooA/9b5y/4OQviZ8df+Ck//AAW58Cf8EhvCWqronhzw7faJpVsspJtjqniC1gvLjU50UgyGC0uUjjTqoSQJgytn+7T4W/scaB+zJ+wjB+xT+yXqTeDRofha50PQdYMSzTWl/NbyKuqSxjass5upDdSj5Q8hboDx/Op/wXx/4Nx/iX+3f8dY/wBvj9hbxLb+H/ivHDZrqem31xJZx6hLpyLHaXlnfRgta3sUUccQD4jcRxsHiZWMn84fxm/4Kyf8HO3/AASatLH4L/tVazrGkJNMp03UfFOl6drS3S22DNDb6yY50vAwZfN/0iWVAVIaMtkgH4w/8FRv+Cef7SX/AATV/aJtfgN+09Y6cmtXelpqlvqmlXkl7a6vby3NxF9u8ybEyySSROskcqI4K7tgVlz/ALD/AOwL8Z1/aK/Yd+EHx2MnmS+LfBuiapOepFxc2MLzqfdJSyn3Br/Nu/4OeP26f2Wf+CgMf7NXxn+CvjDSvEPjb/hC5P8AhMNO0pZ2j0qa7W0uobd5XTZvWeS8RofMaWLYPMVd6lv7Mv8Ag1t+OmnfGz/gi98MtPjuBcaj4HuNV8M6gAc+XJa3ss9uh9MWVxbHB9fSgD+haiiigD4K/wCCj/7F3i39v39m2b9mbw/8TNX+F+l6zqNu3iC80OGOS71LRlWRbvShJIymBLrcu6Vd3CbHSSJ5I2+evh3/AMELv+CbPwX+L/wt+O/wK8EP4F8UfCaH7Np15oN3LZtqMHlPGY9X2k/by5kLySS/vZD8ru0eUP69UUAFFFFABRRRQAUUUUAfkZ/wXW/bEi/Ye/4JZfFn4xWF39l17UNJfw7oRDbZP7S1n/Q4pIvV7dJHucf3YT16V/lTf8E07T/gol8JPifc/t1/8E+/BWpeJNT+Efz3+oWekDWYdPTU7a5gYzW5jkIWS3E4MiLmNQW3Jwa/pQ/4PQv28Y/iD8fvAv8AwT78F3vmaf4At/8AhI/EUcbZU6vqMe2yhkHZ7ayLSj/ZvPbj81/+CQv7Vn7Zv/BE7/goV8Lvhb8UZZtN8B/GWPw5qGu+HnmSaCbSvEsaLZag0IJa3vbUSiQqRHKRGYmBjcEgH9Zn/BFv/g6S+Ef7fXjHSf2Xf2v9JtPhz8VdTZbXTLy2dhoet3J4EEXnM0lndSHiOCV5Elb5Ul8xkiP9bFfwAf8AB33/AMEuvhn8K/Dvhn/gp9+zloyeGtbn1yPSvGH9lr9nSee5VprHVSse0R3CzRNFNKvzSvLEx+ZSzf1qf8Eev2w779vL/gmt8JP2m9em+0a5rOiraa1IRtL6rpkj2F9JtH3RLcQPKo/uuO1AH6V0UUUAf//X/v4r4o/b4/4J9/sx/wDBSj4BXX7O37U2jPqejvMLuyurWTyL7Tb1EeOO7s58MEmRXYYdXjdSVkR0JU/a9FAH+fd+2P8A8Gf/AMIP2Yv2HfjX8bfhd4+13x9448O6U2s+GrO4tobOGC00+Vbq+ilSFpGvLqSzjlSJlMSbz/qSSu359/4Mvf240+HH7TXjr9g3xdd7NO+I1j/b2hI7cDV9JQ/aYo1/vXFiWkY+loB9f9I24t7e8t5LS7jWWKVSjo4DKysMEEHggjgg1/j9/wDBUH9kj47f8EHP+Cs0XjT4KiXSdK0/Wl8X/DvVCrPby2HneYtm54EhtSTZ3URILx4ZgEmXIB/sFUV+YH/BJ/8A4KnfAb/gq9+zJZfG74UzJp/iGwWK18UeHJJA11pGoMuSjdDJby7Wa2nA2yICDtkSSNP0/oAKKKKACiiigAooooAK+M/+Cgn7bPwu/wCCeP7I3jL9rL4syK1j4Ys2a0st4SXUNQl/d2dlDnJ3zzFVJAOxN0jDajEfYN/f2OlWM2qapNHbW1tG0s00rBI440G5ndmwFVQCSTwBzX+T9/wcrf8ABaGL/gph+0bB8D/gPqLS/Bj4bXMqabKhITWtUwYp9UI7wqpMVnnkRF5ODMUUA/H7TfAf7cv/AAVc/ap8W/Eb4deEdb+Jvj/xVqMut6wNHspbpIGu58B5iA0dtaozLEhlZYkQKmQBX9tP/BHn/g1i+LnhD4+aL+3T/wAFWtfXV/FGlX8Wt2PhOK7OpSyalEyyQ3OtaiWdJjDIu/7PA0qSMEMk5QPC+l/wa7ftKf8ABOv9iD/gkV4//aY+JXiXSPC/iuHXb9vFsmoX9sNQvE0+ESaZb2dqCJ2jaKVlt4QjvLcvNs3bgq/j7d/t4f8ABwR/wcdeN/EPwe/ZfEnhv4f2rpHquneHZ10bSLG1u2cRJquqSOLq6Lxo26ESMJdjMlsBkAA/R3/g7I/4LA/BX40fD2z/AOCW37K+oR+M9cuNctLzxXfaWwuraB7Rm+z6TC0e7z7trkpJMIyREY1iO6RnWP8AqX/4Iefse+Lf2FP+CW3wl/Z3+Itu9p4ms9Nl1TWbeT79vfavcy6hLbPjjdbeeIGxxmMnJ6n8uv8AgjH/AMGv/wABf+Cc3inSv2kv2ktVt/iZ8W9P2zWBjiK6Jolxj/WWUUoElzcIc7LqdU28NHDHIoev6paACiiigD//0P7+KKKKACvzq/4Kd/8ABM/9n7/gqb+zLqH7PPxxt/s11GWutA12BFa80fUQpVLiHONyN92eEkLLHlSVYI6forRQB/jdWN7/AMFE/wDg2z/4KOsJEOleI9GO10PmPoninQ5ZOoPy+faz7Mg/LLBMv/LOaMhf9Pr/AIJcf8Fdv2TP+Crfwfh8dfA3VU0/xTZQI2v+Er2VP7U0uU4DEpx59szf6q5jGxwQG2SBo17f/gpV/wAEv/2Wf+CpvwKf4L/tIaWwuLIvNomvWW1NT0i6cAGW2lZWBR8ATQuGjlAG5dyoy/5kf7fH/BGf/gpz/wAEPfi1B8f/AAJealeeGNFufO0j4i+EGnhFtk4UXyxMZrCRgQrrKWgk3FEllGRQB/r4UV/nUf8ABPn/AIPPvif4E0qw+H3/AAUZ8Dt40ggCxN4q8MCG11NlHBe506Qx2k8h6loZbVQB/qySTX9XP7Nf/Bwh/wAEgP2ore3j8G/GvRPD+ozgA6f4qZ9AnRz0j36gsMEjdh5M0gJ4BJoA/Z6isHwz4q8L+NdEg8S+DdStdX065G6G6spkuIJB6pJGWVh9DXlPx7/ae/Zz/ZZ8Iv48/aQ8c6H4G0hQxW51u+gs1kKjJWISurSueyRhmJ4AJ4oA90rgvij8U/ht8EvAGq/FX4v67Y+GfDWiQNc3+p6lOlta28S9WklkIUc4AGckkAZJAr+QP9u//g8s/ZB+EKXvg79hbwrffFXW0DJHrOpCTSdDjboHRJF+3XIU9UMVsrDBWWv49/i9+1D/AMFhf+DhH49Wvw6K6x8QbiOYT2XhjQIDaaBpCuSomkj3C3gVclftd7Kz4O0ykYFAH6p/8F+f+Dl/xD+3NZ6r+xz+wvPd6H8JJma21jXGV7e/8SKDgxIhxJbaex6xsBLcDAlCIWiP6F/8G9P/AAbMaBdfDy6/a3/4Kb+FBdSeLNJubHw94L1JGR7Sy1CFoZNRv0+V47t4nYWsXD24PnNtn8sRfoL/AMEUf+DXL4OfsJ6jpP7Sv7aMtj8Q/ixalLnT9PjXzdE0GYYZJIlkUG8vIzyJ5FEcTcxR70WY/wBb1AH8BOu/8GPkNz8X7ifw38fvsngJ7syQQ3Gh+fq0dqTkQtIt1HbvIB8nnBFU/f8AKH3K/sV/4J9f8E8/2av+CZ/7PVl+zl+zJpclppkcpu7+/u2Et/qd66qsl3eTBUDyMqqoCqqIoCoqqAK+4aKACiiigAooooA//9H+/iiiigAooooAKq31jZapZTaZqcKXFtcI0UsUqh0kRxtZWVshlYEgg8EVar+M3/g4O/4OGP2gf2R/2hLP/gnT/wAE5bCK9+KFxHaJq+rCy/tS7s7vUwjWOnabYlXjmvZY5IpCZIplxKiJGZCSgB/P/wD8HLP7GH7OPgT/AILTfDr9nb9nTwppvw+0rx9onh9tUi0W3W3t21DVtZvrSW6S2XEMbeSsQ2RqiEruI3MScb/grH/wayfGr/gmr+zb4p/bA8MfFLR/HXgfwm9l9tgnsbjTNVCX97BYReXCjXcEmyW4TeTPH8gZgMgKfzR/bU8Y/wDBXjSP2kvBn7av/BSXwf4xTxN4auNMGm6p4r0CbSbaZNNumvbe1EiW1tCw8xnJC/PhiCeBj+6/9qj/AIKBeCP+Cw//AAbMfG/9pfR/DV14SdNLntdR0u6kFwkOoaNd2d4fs9wEj8+BiIyknlockqVDKaAP83bRPAv7WvwU+BekftS+EpNZ8NeBvFOp3OjWWtabfm3juL+yQPNbsLeYSq6Iwb94qgg5UkV+qX7Lv/BvV/wWI/4KFafoXxlsPC4tPDXiuzt7+y8VeLNZhSCa0uUEkMwVZLm/dGRgwK27cehr1nwP4EPxX/4NTvGPiS8/13wu+PkWoW8mOfs+oaPY2UkXsDLeBz7gV/Yl/wAEb/8AgpJ8IP2W/wDg26+H/wC1z+03fTxaL8O7PUNDnS1Tzrq5e01a4s9PtLaMsoaWWMwRqGZUXlnZY1ZgAfxSfsj/APBMP4cfBb/gv14U/wCCYX7fVtD4u0K11r+y9WTT7i5s4L2S80hr7TjHLGYrhYpJpbckAozKSOM1/rDfAP8AZv8AgF+yz8P7f4Vfs5eDtI8E+HrblbHR7WO1iZ8YMknlqDJI2PmkkLOx5Zia/wAkP48/tnftcf8ABSn/AIK+ar/wUa/YI+Fevr42s9Q0jWNL0nRbGbxLcWbaJa29nbXFwkFqVYOLZHdWj8sElMsBk/uD+z9/wc3/APBXH9hj9onQfhz/AMFifAF43hXXnjkujqnh1vDut2tm7+W17YrHFbwXUcJyXjMLFypQSxtQB/ozUVkeH9f0TxXoNj4p8NXUd9p2pW8V1a3MLB45oJlDxyIw4KupDKR1BrXoAKKKKACiiigAooooA//S/v4ooooAKKKKACv8vP8Aaj+M2lf8Et/+DrbXv2qf2yPD9/qfhe18R3OvwG2iEkkmmazpcttY3tqsu1JxZNKMhWGJbd0UiRK/1DK+Hv21P+CbX7Dv/BRDQNN8PftkfDvT/GiaM7PYXMj3FnfW2/76Q31lLb3SROcF4llEbkKWUlQQAfhD8U/+Dt3/AIIr+IfA2qeF/ENh4o8Z6bqNrNBdaRL4eilgu43QhoJo72dIXST7pD5U5+biv5r/ANr3/g4Z/aM/4KMfCl/+CYH/AATP/Z+0/wAAeDPGVvJpC6BoVoNU1W7t2LTSxWdtZ28FrZxsoZ5fLgkZAGcTIMkf2CaX/wAGtP8AwQz012km+C8l2WII8/xJ4hIX6BNSQH8c1+qH7Kv7A37F/wCw/o0mi/snfDTQPAwuIhBcXWnWiC+uY1bcqXN8++6uArcjzpXwelAH8YfgX/gkb+27+yF/wa5/tKfAn42+F0fxx4s1qx8Y2vhywlivruzsdOu9HkuXmeBniMy29hNOY4XcrGoGS7FF/Jz/AIJm/wDBYf8A4JqfBv8A4JQeJ/8AgmP/AMFG/hv4x8eaRr3ie61hB4fFoIY7d0s5Ldo7iXULOeG4iuoJHwilCpGWYO6D/VVngguoHtrlFkjkUq6MAVZSMEEHggjqK/JT4hf8EGv+CPnxQ8RX3ivxd+z/AOFvt2oyma4eyhl09GkPVhHZywxoSeTtUZOSck0Afzmfsqf8HU3/AARN/Yf/AGftK/Z4/Ze+C3xH8OeH9ERzbWa2WkN500jFpJrm6fWXmlllY5eRwzdAPlAA/m0/4K6f8FZfj5/wX7/aU8AfDP4Y/DZNOsvD97fad4K0TTxLea1eSawbVZftkobyndjaRsqRRRpCCwZ5APMr/QY1b/g2g/4IfayrJd/AeyTd/wA8NZ1yA/gYtQTFfVP7Dn/BH/8A4J1/8E5dZ1DxV+yX8N7TQNc1NWjm1a6nudS1BYW6wQ3V9LPLDCcDdHEyK+AXDEA0Ae9/sF/BTxx+zd+xH8Iv2ffiXeJf+IfBPg/RdD1GeNt8ZubCyiglEbcFkVkKox5ZQCeTX1lRRQAUUUUAFFFFABRRRQB//9k=\"}}}}','2022-04-07 03:56:12','0x46CCa77125508995b14cD6355e994Ac2949E8B47',1),(7,'0x0Cb5e79fbC1a4560Aa1639C087a7303c170311AD','{\"blocks\":[{\"key\":\"8geli\",\"text\":\"너무 잘 그리신 것 같아요!!\",\"type\":\"unstyled\",\"depth\":0,\"inlineStyleRanges\":[],\"entityRanges\":[],\"data\":{}},{\"key\":\"32a22\",\"text\":\"어떻게 그리신 거에요??\",\"type\":\"unstyled\",\"depth\":0,\"inlineStyleRanges\":[],\"entityRanges\":[],\"data\":{}}],\"entityMap\":{}}','2022-04-07 04:02:17','0x90c6e7c4a2CF8bD4dF6C0B868a384D941f70385B',4),(8,'0x0Cb5e79fbC1a4560Aa1639C087a7303c170311AD','{\"blocks\":[{\"key\":\"89ld8\",\"text\":\"너무 심플한 도토리에요!\",\"type\":\"unstyled\",\"depth\":0,\"inlineStyleRanges\":[],\"entityRanges\":[],\"data\":{}},{\"key\":\"9hra\",\"text\":\"깔끔한게 이뻐요!\",\"type\":\"unstyled\",\"depth\":0,\"inlineStyleRanges\":[],\"entityRanges\":[],\"data\":{}}],\"entityMap\":{}}','2022-04-07 04:21:41','0x90c6e7c4a2CF8bD4dF6C0B868a384D941f70385B',1),(10,'0x4836680A97a03745340E7a20B32adbc07910f12E','{\"blocks\":[{\"key\":\"1o5jq\",\"text\":\"너무 귀여운거 같아요!\",\"type\":\"unstyled\",\"depth\":0,\"inlineStyleRanges\":[{\"offset\":0,\"length\":12,\"style\":\"BOLD\"}],\"entityRanges\":[],\"data\":{}}],\"entityMap\":{}}','2022-04-08 10:01:17','0x0Cb5e79fbC1a4560Aa1639C087a7303c170311AD',23);
/*!40000 ALTER TABLE `feedback` ENABLE KEYS */;
UNLOCK TABLES;

--
-- Table structure for table `items`
--

DROP TABLE IF EXISTS `items`;
/*!40101 SET @saved_cs_client     = @@character_set_client */;
/*!50503 SET character_set_client = utf8mb4 */;
CREATE TABLE `items` (
  `item_trx_hash` varchar(66) NOT NULL,
  `token_id` bigint DEFAULT NULL,
  `item_hash` varchar(256) NOT NULL,
  `item_title` varchar(100) NOT NULL,
  `item_description` text NOT NULL,
  `created_at` datetime NOT NULL,
  `author_address` varchar(66) NOT NULL,
  `owner_address` varchar(66) NOT NULL,
  `on_sale_yn` tinyint(1) NOT NULL DEFAULT '0',
  `is_first` tinyint(1) NOT NULL DEFAULT '1',
  `format` varchar(10) NOT NULL,
  `status` varchar(10) NOT NULL,
  PRIMARY KEY (`item_trx_hash`)
) ENGINE=InnoDB DEFAULT CHARSET=utf8mb4 COLLATE=utf8mb4_0900_ai_ci;
/*!40101 SET character_set_client = @saved_cs_client */;

--
-- Dumping data for table `items`
--

LOCK TABLES `items` WRITE;
/*!40000 ALTER TABLE `items` DISABLE KEYS */;
INSERT INTO `items` VALUES ('0x0006dcbf1083da5db2debde335589dcb6547b4bb498bece86c74c2544a9f2300',22,'https://dotore.s3.ap-northeast-2.amazonaws.com/items/b61179e8-b1e0-4461-a982-fbd063f2946d%26%EC%A7%80%ED%9D%AC_%EB%88%88.PNG','제 눈입니다','제 눈을 완성해주세요!','2022-04-07 15:33:01','0x89d96545C6d5cC6cDBcfB54a06f7f8EC8C4E8937','0x89d96545C6d5cC6cDBcfB54a06f7f8EC8C4E8937',0,1,'image','Success'),('0x08e35e798e355491bc2fe8bf4a02bc9420ccb15f0f638e8b8abf3cc01f297884',15,'https://dotore.s3.ap-northeast-2.amazonaws.com/items/ab2ca929-757d-43db-8d81-1b1fea9695dc%26%EC%A0%9C%EB%AA%A9_%EC%97%86%EB%8A%94_%EC%95%84%ED%8A%B8%EC%9B%8C%ED%81%AC.png','제동생입니다','지금 대학교 1학년인데 제 눈엔 아직 중학생입니다.. 이넘... 제 뒤를 엉금엉금 쫓아오던 게 엊그제 같은데...','2022-04-07 04:32:14','0x89d96545C6d5cC6cDBcfB54a06f7f8EC8C4E8937','0x89d96545C6d5cC6cDBcfB54a06f7f8EC8C4E8937',0,0,'image','Success'),('0x090471099137197eef05b0362b5d070c1c7abcf4f90f9d3a35773fbeebaa2cbd',2,'https://dotore.s3.ap-northeast-2.amazonaws.com/items/f2d9df91-a060-4692-a451-aa5dd3506037%26KakaoTalk_20220407_034429291.jpg','용감한도토리','두려움이 없는 용감한 도토리를 그려봤어요!','2022-04-07 03:51:25','0x46CCa77125508995b14cD6355e994Ac2949E8B47','0x46CCa77125508995b14cD6355e994Ac2949E8B47',0,0,'image','Success'),('0x19d0edfba6c60ebbbb000fa4ed7c0255f598dc45d7dbef92d871bb5048e62d9d',8,'https://dotore.s3.ap-northeast-2.amazonaws.com/items/53538793-908a-4b00-b9eb-6a14d83b64ca%26KakaoTalk_20220407_034636898.jpg','주벗도토리','도토리 + 주황버섯 콜라보!','2022-04-07 03:58:49','0x46CCa77125508995b14cD6355e994Ac2949E8B47','0x4836680A97a03745340E7a20B32adbc07910f12E',0,0,'image','Success'),('0x2037d160992929712fbbf89ac2356b5a14ee0839fce0dcd26a43c38fa47a47c3',23,'https://dotore.s3.ap-northeast-2.amazonaws.com/items/e18f7081-d7ff-432f-99c6-a3b479ff4e7f%261887e18c-7a89-4875-ae15-e0f3e9681009%26hondastore_a6ac%20%281%29.jfif','도토리 인형','제가 만든 도토리 인형입니다.\n사실 저희 어머니가 만들었는데 자랑해 봅니다','2022-04-07 23:37:32','0x4836680A97a03745340E7a20B32adbc07910f12E','0x4836680A97a03745340E7a20B32adbc07910f12E',0,1,'image','Success'),('0x34e30def5fa8cd631417881d8c3071df4f73b0bdc609a5342a34614d812f41f2',25,'https://dotore.s3.ap-northeast-2.amazonaws.com/items/aa987a10-72c5-4731-8541-a2978cd9b073%26KakaoTalk_20220407_034511171-removebg-preview.png','화가 도토리','화가 도토리','2022-04-08 01:39:58','0x46CCa77125508995b14cD6355e994Ac2949E8B47','0x46CCa77125508995b14cD6355e994Ac2949E8B47',1,0,'image','Success'),('0x49cc826491b1d729445b215c39e0958851721d4d66bf30b057c7aed41a7bc46f',9,'https://dotore.s3.ap-northeast-2.amazonaws.com/items/85d63dff-777c-4dc3-87ce-743dfd91230b%26KakaoTalk_20220407_034621638.jpg','근육맛 쿠토리','근육맛 쿠키? 아니죠~ 근육맛 도토리? 맞습니당','2022-04-07 03:59:23','0x4836680A97a03745340E7a20B32adbc07910f12E','0x4836680A97a03745340E7a20B32adbc07910f12E',0,0,'image','Success'),('0x5e98ce1d51f16e7eea4a76832894dc0c0f210d4d4e6d652cc4203661b13d4295',6,'https://dotore.s3.ap-northeast-2.amazonaws.com/items/a691f9f9-7e6d-4c9e-b4a2-7e41c6d7b2aa%26KakaoTalk_20220407_034901557.jpg','귀여운 도토리','볼이 발그레한 도토리입니다!!','2022-04-07 03:57:50','0x4836680A97a03745340E7a20B32adbc07910f12E','0x4836680A97a03745340E7a20B32adbc07910f12E',0,0,'image','Success'),('0x62afd96b9f4e520636c3e4255ca1acbea1f281e995e7693c5378e2203724aeb2',10,'https://dotore.s3.ap-northeast-2.amazonaws.com/items/1196031e-1e07-484c-a248-7eb4a355147b%26KakaoTalk_20220407_034915265.jpg','호진의 도토리','팀원 이호진의 얼굴이 담긴 도토리입니다.','2022-04-07 03:59:37','0x90c6e7c4a2CF8bD4dF6C0B868a384D941f70385B','0x90c6e7c4a2CF8bD4dF6C0B868a384D941f70385B',0,0,'image','Success'),('0x6da23fc1142626690d4c97c6ce3aa61e6c8674d0149ab6acbedb477a10f585aa',17,'https://dotore.s3.ap-northeast-2.amazonaws.com/items/e684c26f-f61c-48d4-aede-2d44e3b8f0bb%26%EB%AA%A8%EC%9E%90%EB%82%B4%EB%86%94%EC%95%84_bg_white.jpg','모자좀요','내꺼','2022-04-07 05:04:43','0x89d96545C6d5cC6cDBcfB54a06f7f8EC8C4E8937','0x89d96545C6d5cC6cDBcfB54a06f7f8EC8C4E8937',0,0,'image','Success'),('0x73705252d38dafdfa6e5a0ce5b4862ff054aa1d09a0ecef9c85cbdfa42017563',4,'https://dotore.s3.ap-northeast-2.amazonaws.com/items/9c92fd71-25a4-42b7-915c-274cb215fb1e%26pop_art.jpg','도토리 팝아트','컬러풀한 도토리 팝아트입니다','2022-04-07 03:55:50','0x0Cb5e79fbC1a4560Aa1639C087a7303c170311AD','0x0Cb5e79fbC1a4560Aa1639C087a7303c170311AD',0,1,'image','Success'),('0x834f0d0dd3281442dd47e8adceff65a272971748f2f7ead87e3cbf049513583b',12,'https://dotore.s3.ap-northeast-2.amazonaws.com/items/0af9c71c-a8ac-471f-ace7-4a6f888364ae%26brown_dotor.png','브라운 도톨','도토리 클래식','2022-04-07 04:11:11','0x2b8da8bA7614b7a1d288173BB38d71eE63Be49dE','0x2b8da8bA7614b7a1d288173BB38d71eE63Be49dE',1,0,'image','Success'),('0x87bc2abf3a74b951b794caf78c7b43e216e3461b7c939d4c32a55b179492fdf7',1,'https://dotore.s3.ap-northeast-2.amazonaws.com/items/fd6acc07-f7fd-4009-8c41-7c3e05a5077d%26dotore_no_bg_hair.png','도토리','보다 나은 2차 창작을 위한 도토리 기본 틀입니다.','2022-04-07 03:46:25','0x0Cb5e79fbC1a4560Aa1639C087a7303c170311AD','0x0Cb5e79fbC1a4560Aa1639C087a7303c170311AD',0,1,'image','Success'),('0xa75756851365fac65af65b5107f6f0634d1ba61351640f990f5c479104e4dcf2',21,'https://dotore.s3.ap-northeast-2.amazonaws.com/items/459f59bb-e72f-4684-a5ff-be6875b9e2d9%26%EC%A7%80%ED%9D%AC_%EB%88%88.PNG','제 눈입니다','저도 처음에 무작정 눈을 그리려고 하니까 어려웠던 기억이 나네요. 제 눈을 완성해주세요!','2022-04-07 15:17:16','0x89d96545C6d5cC6cDBcfB54a06f7f8EC8C4E8937','0x89d96545C6d5cC6cDBcfB54a06f7f8EC8C4E8937',0,1,'image','Success'),('0xa813e867b2be59e586e3e7ac87f7dd1896dd3b1d122a13bd48cbb9c6ddfafeaa',3,'https://dotore.s3.ap-northeast-2.amazonaws.com/items/985aad2d-cb9c-4f22-bed0-83251f35210d%26KakaoTalk_20220407_034435190.jpg','볼빨간도토리','수줍음이 많은 도토리입니다.','2022-04-07 03:54:36','0x90c6e7c4a2CF8bD4dF6C0B868a384D941f70385B','0x90c6e7c4a2CF8bD4dF6C0B868a384D941f70385B',0,0,'image','Success'),('0xaa63eb7a4fac1ef6e94eb9d5293250a593b7c85f6b5279972b95f97d3f09e23e',13,'https://dotore.s3.ap-northeast-2.amazonaws.com/items/bc9c920c-cf65-4017-b243-36654bd250f0%26%EC%96%B4_%EC%98%88%EC%81%98%EB%8B%A4.png','어예쁘다','귀여운 꼬마아가씨~ 준이는 위험한 사람 아니니까, 피하지 않기로 약소옥~','2022-04-07 04:10:57','0x89d96545C6d5cC6cDBcfB54a06f7f8EC8C4E8937','0x89d96545C6d5cC6cDBcfB54a06f7f8EC8C4E8937',0,0,'image','Success'),('0xb43411e24ba625c2fab004c7c24126f5a4f35aa517026383559a29adb2cc7f1e',NULL,'https://dotore.s3.ap-northeast-2.amazonaws.com/items/ce14bbbe-3eb2-4915-a5eb-d0ec23c8faa7%26%EC%A7%80%ED%9D%AC_%EB%88%88.PNG','제 눈입니다','저도 처음에 무작정 눈을 그리려 했더니 너무 어려웠던 기억이 있습니다. 제 눈을 완성해주세요~!!','2022-04-07 14:38:01','0x5E17ac0B8084FaA535bdb7b65d5A39CCF8c28E94','0x5E17ac0B8084FaA535bdb7b65d5A39CCF8c28E94',0,1,'image','Pending'),('0xb8cea31cff82ad4a2598be24b108bf4df60fd4348a679678a59dd0543eb8e071',11,'https://dotore.s3.ap-northeast-2.amazonaws.com/items/33737d6c-1f80-4871-9fdd-4a5c18eb9f31%26%EC%A7%80%ED%9D%AC.jpg','한심방통 도톨희','채앰내\n\n도토리에 제 표정을 넣어보았습니다! =_=','2022-04-07 04:04:52','0x89d96545C6d5cC6cDBcfB54a06f7f8EC8C4E8937','0x89d96545C6d5cC6cDBcfB54a06f7f8EC8C4E8937',0,0,'image','Success'),('0xb922ff6963e3a251430c2497c2369b1c08091cb62f809734b2e437fb54d7308f',14,'https://dotore.s3.ap-northeast-2.amazonaws.com/items/26184cad-0653-40b0-93c6-d9644b56b642%26%ED%81%AC%ED%97%99.png','크흡','이래보여도 도토리 맞아욥','2022-04-07 04:13:35','0x89d96545C6d5cC6cDBcfB54a06f7f8EC8C4E8937','0x89d96545C6d5cC6cDBcfB54a06f7f8EC8C4E8937',0,0,'image','Success'),('0xd8c58ca364c0090058eb2eba14ca367fdf2cba13ebc73b2b7fc83901232f4a46',7,'https://dotore.s3.ap-northeast-2.amazonaws.com/items/e61b1b65-55ab-44c3-af38-44883335471f%26KakaoTalk_20220407_034841189.jpg','성재 도토리','성재 도토리','2022-04-07 03:59:09','0x2b8da8bA7614b7a1d288173BB38d71eE63Be49dE','0x90c6e7c4a2CF8bD4dF6C0B868a384D941f70385B',0,0,'image','Success'),('0xec461acb4b4510b31d99b7c0cfc40c17e31555df888a82d42f80031c661bc569',18,'https://dotore.s3.ap-northeast-2.amazonaws.com/items/18d53692-53a5-4df6-975b-95bda32e3f3c%26KakaoTalk_20220407_034929375.jpg','어쩔도토리','기분이 불편해진 도토리를 그려봤어요','2022-04-07 15:13:56','0x46CCa77125508995b14cD6355e994Ac2949E8B47','0x46CCa77125508995b14cD6355e994Ac2949E8B47',0,0,'image','Success'),('0xee0975220361f22b70cf9767283fec6572c4ecc2accf25a309b7707a43f79d64',24,'https://dotore.s3.ap-northeast-2.amazonaws.com/items/a3a6f514-5db5-4928-9ac6-e8a83c99f6a4%26dotore_no_bg.jfif','뚜껑 달린 도토리','도토리에 뚜껑이 달리면 뚜껑 달린 도토리\n뚜껑이 달린 도토리에는 뚜껑이 달려있다.','2022-04-08 01:16:07','0x2b8da8bA7614b7a1d288173BB38d71eE63Be49dE','0x2b8da8bA7614b7a1d288173BB38d71eE63Be49dE',0,1,'image','Success'),('0xf8ac7a37f384bf4d8fe688d60ec8dacba6acdd3336eadc0d9cdbaecbc395f15a',5,'https://dotore.s3.ap-northeast-2.amazonaws.com/items/27a4d29f-78af-4ca2-9697-66a0a2fbf0e3%26KakaoTalk_20220407_034444612.jpg','부끄러움이 많은 도토리','고백을 하고 싶지만 부끄러워서 아무 말 못하는 도토리입니다.','2022-04-07 03:57:34','0x90c6e7c4a2CF8bD4dF6C0B868a384D941f70385B','0x0Cb5e79fbC1a4560Aa1639C087a7303c170311AD',0,0,'image','Success');
/*!40000 ALTER TABLE `items` ENABLE KEYS */;
UNLOCK TABLES;

--
-- Table structure for table `likes`
--

DROP TABLE IF EXISTS `likes`;
/*!40101 SET @saved_cs_client     = @@character_set_client */;
/*!50503 SET character_set_client = utf8mb4 */;
CREATE TABLE `likes` (
  `likes_id` int NOT NULL AUTO_INCREMENT,
  `address` varchar(66) NOT NULL,
  `token_id` bigint NOT NULL,
  PRIMARY KEY (`likes_id`),
  KEY `fk_likes_users1_idx` (`address`),
  CONSTRAINT `fk_likes_users1` FOREIGN KEY (`address`) REFERENCES `users` (`address`)
) ENGINE=InnoDB AUTO_INCREMENT=42 DEFAULT CHARSET=utf8mb4 COLLATE=utf8mb4_0900_ai_ci;
/*!40101 SET character_set_client = @saved_cs_client */;

--
-- Dumping data for table `likes`
--

LOCK TABLES `likes` WRITE;
/*!40000 ALTER TABLE `likes` DISABLE KEYS */;
INSERT INTO `likes` VALUES (11,'0x0Cb5e79fbC1a4560Aa1639C087a7303c170311AD',1),(13,'0x2b8da8bA7614b7a1d288173BB38d71eE63Be49dE',7),(14,'0x89d96545C6d5cC6cDBcfB54a06f7f8EC8C4E8937',11),(15,'0x89d96545C6d5cC6cDBcfB54a06f7f8EC8C4E8937',13),(16,'0x90c6e7c4a2CF8bD4dF6C0B868a384D941f70385B',9),(17,'0x4836680A97a03745340E7a20B32adbc07910f12E',13),(18,'0x46CCa77125508995b14cD6355e994Ac2949E8B47',13),(19,'0x90c6e7c4a2CF8bD4dF6C0B868a384D941f70385B',1),(20,'0x4836680A97a03745340E7a20B32adbc07910f12E',1),(21,'0x2b8da8bA7614b7a1d288173BB38d71eE63Be49dE',1),(22,'0x0Cb5e79fbC1a4560Aa1639C087a7303c170311AD',3),(23,'0x89d96545C6d5cC6cDBcfB54a06f7f8EC8C4E8937',15),(24,'0x89d96545C6d5cC6cDBcfB54a06f7f8EC8C4E8937',14),(26,'0x0Cb5e79fbC1a4560Aa1639C087a7303c170311AD',4),(27,'0x0Cb5e79fbC1a4560Aa1639C087a7303c170311AD',8),(30,'0x46CCa77125508995b14cD6355e994Ac2949E8B47',1),(32,'0x4836680A97a03745340E7a20B32adbc07910f12E',8),(34,'0x4836680A97a03745340E7a20B32adbc07910f12E',9),(35,'0x2b8da8bA7614b7a1d288173BB38d71eE63Be49dE',24),(36,'0x0Cb5e79fbC1a4560Aa1639C087a7303c170311AD',24),(37,'0x4836680A97a03745340E7a20B32adbc07910f12E',24),(39,'0x4836680A97a03745340E7a20B32adbc07910f12E',17),(41,'0x0Cb5e79fbC1a4560Aa1639C087a7303c170311AD',23);
/*!40000 ALTER TABLE `likes` ENABLE KEYS */;
UNLOCK TABLES;

--
-- Table structure for table `sales`
--

DROP TABLE IF EXISTS `sales`;
/*!40101 SET @saved_cs_client     = @@character_set_client */;
/*!50503 SET character_set_client = utf8mb4 */;
CREATE TABLE `sales` (
  `sale_trx_hash` varchar(66) NOT NULL,
  `sale_id` int DEFAULT NULL,
  `token_id` bigint NOT NULL,
  `cash_contract_address` varchar(256) NOT NULL,
  `sale_yn` tinyint(1) NOT NULL DEFAULT '1',
  `seller_address` varchar(66) NOT NULL,
  `buyer_address` varchar(66) DEFAULT NULL,
  `price` varchar(256) NOT NULL,
  `created_at` datetime NOT NULL,
  `completed_at` datetime DEFAULT NULL,
  `status` varchar(10) NOT NULL,
  PRIMARY KEY (`sale_trx_hash`)
) ENGINE=InnoDB DEFAULT CHARSET=utf8mb4 COLLATE=utf8mb4_0900_ai_ci;
/*!40101 SET character_set_client = @saved_cs_client */;

--
-- Dumping data for table `sales`
--

LOCK TABLES `sales` WRITE;
/*!40000 ALTER TABLE `sales` DISABLE KEYS */;
INSERT INTO `sales` VALUES ('0x178ef378bcb374bc8a36628c18edc5f3052869c23be224fe22ba724270fcbff4',2,5,'0x2170ed0880ac9a755fd29b2688956bd959f933f8',0,'0x90c6e7c4a2CF8bD4dF6C0B868a384D941f70385B',NULL,'200000000000000000','2022-04-07 04:43:39',NULL,'Success'),('0x2896bb98d275c23e0ef77965f1afed9a968290ad260ef501a6bca4a1bcd653f2',1,7,'0x2170ed0880ac9a755fd29b2688956bd959f933f8',0,'0x2b8da8bA7614b7a1d288173BB38d71eE63Be49dE',NULL,'500000000000000000','2022-04-07 04:01:43',NULL,'Success'),('0x457422ca3df1707cbc811454b3d516a2d42264a9831b1a236ad02d97d975011e',5,25,'0x2170ed0880ac9a755fd29b2688956bd959f933f8',1,'0x46CCa77125508995b14cD6355e994Ac2949E8B47',NULL,'100000000000000000','2022-04-08 01:42:25',NULL,'Success'),('0xa208e8979f22ffe5cf8fda2565a09c451fc9ca248981fea256f9d905a98a9a63',3,8,'0x2170ed0880ac9a755fd29b2688956bd959f933f8',0,'0x46CCa77125508995b14cD6355e994Ac2949E8B47',NULL,'200000000000000000','2022-04-07 14:29:40',NULL,'Success'),('0xdf40552b1094c89d64b5be04aa8f2b7ae7b1003491830db91669f055e0c08679',6,12,'0x2170ed0880ac9a755fd29b2688956bd959f933f8',1,'0x2b8da8bA7614b7a1d288173BB38d71eE63Be49dE',NULL,'30000000000000000','2022-04-08 10:01:55',NULL,'Success');
/*!40000 ALTER TABLE `sales` ENABLE KEYS */;
UNLOCK TABLES;

--
-- Table structure for table `secondary`
--

DROP TABLE IF EXISTS `secondary`;
/*!40101 SET @saved_cs_client     = @@character_set_client */;
/*!50503 SET character_set_client = utf8mb4 */;
CREATE TABLE `secondary` (
  `second_id` int NOT NULL AUTO_INCREMENT,
  `original` bigint NOT NULL,
  `token_id` bigint DEFAULT NULL,
  `item_trx_hash` varchar(66) NOT NULL,
  PRIMARY KEY (`second_id`),
  KEY `fk_secondary_items1_idx` (`item_trx_hash`),
  CONSTRAINT `fk_secondary_items1` FOREIGN KEY (`item_trx_hash`) REFERENCES `items` (`item_trx_hash`)
) ENGINE=InnoDB AUTO_INCREMENT=23 DEFAULT CHARSET=utf8mb4 COLLATE=utf8mb4_0900_ai_ci;
/*!40101 SET character_set_client = @saved_cs_client */;

--
-- Dumping data for table `secondary`
--

LOCK TABLES `secondary` WRITE;
/*!40000 ALTER TABLE `secondary` DISABLE KEYS */;
INSERT INTO `secondary` VALUES (7,1,2,'0x090471099137197eef05b0362b5d070c1c7abcf4f90f9d3a35773fbeebaa2cbd'),(8,1,3,'0xa813e867b2be59e586e3e7ac87f7dd1896dd3b1d122a13bd48cbb9c6ddfafeaa'),(9,1,5,'0xf8ac7a37f384bf4d8fe688d60ec8dacba6acdd3336eadc0d9cdbaecbc395f15a'),(10,1,6,'0x5e98ce1d51f16e7eea4a76832894dc0c0f210d4d4e6d652cc4203661b13d4295'),(11,24,8,'0x19d0edfba6c60ebbbb000fa4ed7c0255f598dc45d7dbef92d871bb5048e62d9d'),(12,1,7,'0xd8c58ca364c0090058eb2eba14ca367fdf2cba13ebc73b2b7fc83901232f4a46'),(13,24,9,'0x49cc826491b1d729445b215c39e0958851721d4d66bf30b057c7aed41a7bc46f'),(14,1,10,'0x62afd96b9f4e520636c3e4255ca1acbea1f281e995e7693c5378e2203724aeb2'),(15,1,11,'0xb8cea31cff82ad4a2598be24b108bf4df60fd4348a679678a59dd0543eb8e071'),(16,1,13,'0xaa63eb7a4fac1ef6e94eb9d5293250a593b7c85f6b5279972b95f97d3f09e23e'),(17,1,12,'0x834f0d0dd3281442dd47e8adceff65a272971748f2f7ead87e3cbf049513583b'),(18,24,14,'0xb922ff6963e3a251430c2497c2369b1c08091cb62f809734b2e437fb54d7308f'),(19,24,15,'0x08e35e798e355491bc2fe8bf4a02bc9420ccb15f0f638e8b8abf3cc01f297884'),(20,1,17,'0x6da23fc1142626690d4c97c6ce3aa61e6c8674d0149ab6acbedb477a10f585aa'),(21,1,18,'0xec461acb4b4510b31d99b7c0cfc40c17e31555df888a82d42f80031c661bc569'),(22,24,25,'0x34e30def5fa8cd631417881d8c3071df4f73b0bdc609a5342a34614d812f41f2');
/*!40000 ALTER TABLE `secondary` ENABLE KEYS */;
UNLOCK TABLES;

--
-- Table structure for table `taglist`
--

DROP TABLE IF EXISTS `taglist`;
/*!40101 SET @saved_cs_client     = @@character_set_client */;
/*!50503 SET character_set_client = utf8mb4 */;
CREATE TABLE `taglist` (
  `tag_id` int NOT NULL AUTO_INCREMENT,
  `tag` varchar(20) NOT NULL,
  `token_id` bigint DEFAULT NULL,
  `item_trx_hash` varchar(66) NOT NULL,
  PRIMARY KEY (`tag_id`),
  KEY `fk_taglist_items1_idx` (`item_trx_hash`),
  CONSTRAINT `fk_taglist_items1` FOREIGN KEY (`item_trx_hash`) REFERENCES `items` (`item_trx_hash`)
) ENGINE=InnoDB AUTO_INCREMENT=48 DEFAULT CHARSET=utf8mb4 COLLATE=utf8mb4_0900_ai_ci;
/*!40101 SET character_set_client = @saved_cs_client */;

--
-- Dumping data for table `taglist`
--

LOCK TABLES `taglist` WRITE;
/*!40000 ALTER TABLE `taglist` DISABLE KEYS */;
INSERT INTO `taglist` VALUES (7,'도토리',1,'0x87bc2abf3a74b951b794caf78c7b43e216e3461b7c939d4c32a55b179492fdf7'),(8,'도토리',2,'0x090471099137197eef05b0362b5d070c1c7abcf4f90f9d3a35773fbeebaa2cbd'),(9,'용감',2,'0x090471099137197eef05b0362b5d070c1c7abcf4f90f9d3a35773fbeebaa2cbd'),(10,'볼',3,'0xa813e867b2be59e586e3e7ac87f7dd1896dd3b1d122a13bd48cbb9c6ddfafeaa'),(11,'빨간',3,'0xa813e867b2be59e586e3e7ac87f7dd1896dd3b1d122a13bd48cbb9c6ddfafeaa'),(12,'도토리',3,'0xa813e867b2be59e586e3e7ac87f7dd1896dd3b1d122a13bd48cbb9c6ddfafeaa'),(13,'도토리',4,'0x73705252d38dafdfa6e5a0ce5b4862ff054aa1d09a0ecef9c85cbdfa42017563'),(14,'고백',5,'0xf8ac7a37f384bf4d8fe688d60ec8dacba6acdd3336eadc0d9cdbaecbc395f15a'),(15,'부끄럼',5,'0xf8ac7a37f384bf4d8fe688d60ec8dacba6acdd3336eadc0d9cdbaecbc395f15a'),(16,'도토리',5,'0xf8ac7a37f384bf4d8fe688d60ec8dacba6acdd3336eadc0d9cdbaecbc395f15a'),(17,'도토리',6,'0x5e98ce1d51f16e7eea4a76832894dc0c0f210d4d4e6d652cc4203661b13d4295'),(18,'도토리',8,'0x19d0edfba6c60ebbbb000fa4ed7c0255f598dc45d7dbef92d871bb5048e62d9d'),(19,'주황버섯',8,'0x19d0edfba6c60ebbbb000fa4ed7c0255f598dc45d7dbef92d871bb5048e62d9d'),(20,'도토리',7,'0xd8c58ca364c0090058eb2eba14ca367fdf2cba13ebc73b2b7fc83901232f4a46'),(21,'근육맛',9,'0x49cc826491b1d729445b215c39e0958851721d4d66bf30b057c7aed41a7bc46f'),(22,'도토리',9,'0x49cc826491b1d729445b215c39e0958851721d4d66bf30b057c7aed41a7bc46f'),(23,'쿠키',9,'0x49cc826491b1d729445b215c39e0958851721d4d66bf30b057c7aed41a7bc46f'),(24,'호진',10,'0x62afd96b9f4e520636c3e4255ca1acbea1f281e995e7693c5378e2203724aeb2'),(25,'멋쟁이',10,'0x62afd96b9f4e520636c3e4255ca1acbea1f281e995e7693c5378e2203724aeb2'),(26,'도토리',10,'0x62afd96b9f4e520636c3e4255ca1acbea1f281e995e7693c5378e2203724aeb2'),(27,'챔내',11,'0xb8cea31cff82ad4a2598be24b108bf4df60fd4348a679678a59dd0543eb8e071'),(28,'한심',11,'0xb8cea31cff82ad4a2598be24b108bf4df60fd4348a679678a59dd0543eb8e071'),(29,'준이는',13,'0xaa63eb7a4fac1ef6e94eb9d5293250a593b7c85f6b5279972b95f97d3f09e23e'),(30,'눈이',13,'0xaa63eb7a4fac1ef6e94eb9d5293250a593b7c85f6b5279972b95f97d3f09e23e'),(31,'멀뻔했어요',13,'0xaa63eb7a4fac1ef6e94eb9d5293250a593b7c85f6b5279972b95f97d3f09e23e'),(32,'너무예뻐서',13,'0xaa63eb7a4fac1ef6e94eb9d5293250a593b7c85f6b5279972b95f97d3f09e23e'),(33,'도토리',12,'0x834f0d0dd3281442dd47e8adceff65a272971748f2f7ead87e3cbf049513583b'),(34,'갈색',12,'0x834f0d0dd3281442dd47e8adceff65a272971748f2f7ead87e3cbf049513583b'),(35,'클래식',12,'0x834f0d0dd3281442dd47e8adceff65a272971748f2f7ead87e3cbf049513583b'),(36,'양볼에',14,'0xb922ff6963e3a251430c2497c2369b1c08091cb62f809734b2e437fb54d7308f'),(37,'분홍소세지',14,'0xb922ff6963e3a251430c2497c2369b1c08091cb62f809734b2e437fb54d7308f'),(38,'말좀',15,'0x08e35e798e355491bc2fe8bf4a02bc9420ccb15f0f638e8b8abf3cc01f297884'),(39,'들어',15,'0x08e35e798e355491bc2fe8bf4a02bc9420ccb15f0f638e8b8abf3cc01f297884'),(40,'짜식아',15,'0x08e35e798e355491bc2fe8bf4a02bc9420ccb15f0f638e8b8abf3cc01f297884'),(41,'도토리',18,'0xec461acb4b4510b31d99b7c0cfc40c17e31555df888a82d42f80031c661bc569'),(42,'화남',18,'0xec461acb4b4510b31d99b7c0cfc40c17e31555df888a82d42f80031c661bc569'),(44,'도토리',23,'0x2037d160992929712fbbf89ac2356b5a14ee0839fce0dcd26a43c38fa47a47c3'),(45,'인형',23,'0x2037d160992929712fbbf89ac2356b5a14ee0839fce0dcd26a43c38fa47a47c3'),(46,'도토리',24,'0xee0975220361f22b70cf9767283fec6572c4ecc2accf25a309b7707a43f79d64'),(47,'뚜껑',24,'0xee0975220361f22b70cf9767283fec6572c4ecc2accf25a309b7707a43f79d64');
/*!40000 ALTER TABLE `taglist` ENABLE KEYS */;
UNLOCK TABLES;

--
-- Table structure for table `users`
--

DROP TABLE IF EXISTS `users`;
/*!40101 SET @saved_cs_client     = @@character_set_client */;
/*!50503 SET character_set_client = utf8mb4 */;
CREATE TABLE `users` (
  `address` varchar(255) NOT NULL,
  `acorn` int NOT NULL,
  `description` varchar(255) NOT NULL,
  `nickname` varchar(255) NOT NULL,
  `profile_img_url` varchar(255) NOT NULL,
  PRIMARY KEY (`address`)
) ENGINE=InnoDB DEFAULT CHARSET=utf8mb4 COLLATE=utf8mb4_0900_ai_ci;
/*!40101 SET character_set_client = @saved_cs_client */;

--
-- Dumping data for table `users`
--

LOCK TABLES `users` WRITE;
/*!40000 ALTER TABLE `users` DISABLE KEYS */;
INSERT INTO `users` VALUES ('0x0Cb5e79fbC1a4560Aa1639C087a7303c170311AD',30,'다람쥐','다람쥐썬더','https://dotore.s3.ap-northeast-2.amazonaws.com/profile/0x0Cb5e79fbC1a4560Aa1639C087a7303c170311AD%26%EB%8B%A4%EB%9E%8C%EC%A5%90%20%EC%8D%AC%EB%8D%94.png'),('0x14DDf13F5C715D6cdDeF81b077CACF21C236282c',0,'','도토리','default'),('0x1717b143eC3A87f6E01bC9255E2f2BbE1ad42F6f',10,'','도토리','default'),('0x2b8da8bA7614b7a1d288173BB38d71eE63Be49dE',30,'성재입니다','썽재','https://dotore.s3.ap-northeast-2.amazonaws.com/profile/0x2b8da8bA7614b7a1d288173BB38d71eE63Be49dE%26images%20%281%29.png'),('0x46CCa77125508995b14cD6355e994Ac2949E8B47',42,'안녕하세요','진토리','https://dotore.s3.ap-northeast-2.amazonaws.com/profile/0x46CCa77125508995b14cD6355e994Ac2949E8B47%26images.jpg'),('0x4836680A97a03745340E7a20B32adbc07910f12E',30,'나는 짱임','짱주비','https://dotore.s3.ap-northeast-2.amazonaws.com/profile/0x4836680A97a03745340E7a20B32adbc07910f12E%26%EA%B7%B8%EB%A6%BC1.png'),('0x4d9760DfE7ecEA534288e36D9438850d06FFbF25',0,'','도토리','default'),('0x5E17ac0B8084FaA535bdb7b65d5A39CCF8c28E94',0,'냐암','도토리 묵사발러','https://dotore.s3.ap-northeast-2.amazonaws.com/profile/0x5E17ac0B8084FaA535bdb7b65d5A39CCF8c28E94%26%EB%8B%A4%EC%9A%B4%EB%A1%9C%EB%93%9C%20%281%29.jpg'),('0x89d96545C6d5cC6cDBcfB54a06f7f8EC8C4E8937',70,'쌍절곤 좀팡공이','찌리뿡','https://dotore.s3.ap-northeast-2.amazonaws.com/profile/0x89d96545C6d5cC6cDBcfB54a06f7f8EC8C4E8937%26%EB%8B%A4%EC%9A%B4%EB%A1%9C%EB%93%9C%20%283%29.jpg'),('0x90c6e7c4a2CF8bD4dF6C0B868a384D941f70385B',34,'자루빗자루','자루빗','https://dotore.s3.ap-northeast-2.amazonaws.com/profile/0x90c6e7c4a2CF8bD4dF6C0B868a384D941f70385B%26KakaoTalk_20220407_034629632.jpg'),('0xa6a782A9195b00D9C1B05AF62d722f3F24f77876',0,'잘하셨네용','도토리','default');
/*!40000 ALTER TABLE `users` ENABLE KEYS */;
UNLOCK TABLES;
/*!40103 SET TIME_ZONE=@OLD_TIME_ZONE */;

/*!40101 SET SQL_MODE=@OLD_SQL_MODE */;
/*!40014 SET FOREIGN_KEY_CHECKS=@OLD_FOREIGN_KEY_CHECKS */;
/*!40014 SET UNIQUE_CHECKS=@OLD_UNIQUE_CHECKS */;
/*!40101 SET CHARACTER_SET_CLIENT=@OLD_CHARACTER_SET_CLIENT */;
/*!40101 SET CHARACTER_SET_RESULTS=@OLD_CHARACTER_SET_RESULTS */;
/*!40101 SET COLLATION_CONNECTION=@OLD_COLLATION_CONNECTION */;
/*!40111 SET SQL_NOTES=@OLD_SQL_NOTES */;

-- Dump completed on 2022-04-08 10:19:33
